{
    "besu": {
        "1M": {
            "first": {
                "max": 571.4,
                "p50": 458.3,
                "p95": 560.515,
                "p99": 569.223,
                "min": 397.2,
                "count": 8
            },
            "second": {
                "max": 580.4,
                "p50": 553.2,
                "p95": 573.0849999999999,
                "p99": 578.937,
                "min": 443.8,
                "count": 8
            }
        },
        "10M": {
            "first": {
                "max": 2442.24,
                "p50": 2380.288,
                "p95": 2436.1472,
                "p99": 2441.02144,
                "min": 1892.352,
                "count": 8
            },
            "second": {
                "max": 2696.192,
                "p50": 2156.544,
                "p95": 2630.2464,
                "p99": 2683.00288,
                "min": 1776.64,
                "count": 8
            }
        },
        "1000M": {
            "first": {
                "max": 32696.32,
                "p50": 32143.36,
                "p95": 32681.984,
                "p99": 32693.4528,
                "min": 30054.4,
                "count": 8
            }
        },
        "100M": {
            "second": {
                "max": 21544.96,
                "p50": 18708.48,
                "p95": 21211.647999999997,
                "p99": 21478.297599999998,
                "min": 14561.28,
                "count": 8
            },
            "first": {
                "max": 20264.96,
                "p50": 17996.8,
                "p95": 20042.752,
                "p99": 20220.5184,
                "min": 13025.28,
                "count": 8
            }
        },
        "500M": {
            "first": {
                "max": 32727.04,
                "p50": 32573.44,
                "p95": 32719.872,
                "p99": 32725.6064,
                "min": 31969.28,
                "count": 8
            }
        }
    },
    "nethermind": {
        "1000M": {
            "second": {
                "max": 30382.08,
                "p50": 27448.32,
                "p95": 29428.736,
                "p99": 30191.411200000002,
                "min": 26306.56,
                "count": 8
            },
            "first": {
                "max": 28620.8,
                "p50": 26321.92,
                "p95": 28255.232,
                "p99": 28547.6864,
                "min": 25989.12,
                "count": 8
            }
        },
        "10M": {
            "second": {
                "max": 750.4,
                "p50": 732.5999999999999,
                "p95": 749.28,
                "p99": 750.1759999999999,
                "min": 676.7,
                "count": 8
            },
            "first": {
                "max": 746.1,
                "p50": 734.15,
                "p95": 746.065,
                "p99": 746.0930000000001,
                "min": 696.4,
                "count": 8
            }
        },
        "1M": {
            "second": {
                "max": 483.6,
                "p50": 456.5,
                "p95": 475.76,
                "p99": 482.03200000000004,
                "min": 446.9,
                "count": 8
            },
            "first": {
                "max": 490.3,
                "p50": 460.5,
                "p95": 489.985,
                "p99": 490.237,
                "min": 447.9,
                "count": 8
            }
        },
        "100M": {
            "second": {
                "max": 3358.72,
                "p50": 3300.864,
                "p95": 3352.2688,
                "p99": 3357.42976,
                "min": 3222.528,
                "count": 8
            },
            "first": {
                "max": 3334.144,
                "p50": 3284.992,
                "p95": 3319.808,
                "p99": 3331.2767999999996,
                "min": 3192.832,
                "count": 8
            }
        },
        "500M": {
            "second": {
                "max": 16250.88,
                "p50": 16138.24,
                "p95": 16236.544,
                "p99": 16248.012799999999,
                "min": 15616.0,
                "count": 8
            },
            "first": {
                "max": 16179.2,
                "p50": 16148.48,
                "p95": 16179.2,
                "p99": 16179.2,
                "min": 15656.96,
                "count": 8
            }
        }
    },
    "erigon": {
        "1M": {
            "first": {
                "max": 0.0,
                "p50": 0.0,
                "p95": 0.0,
                "p99": 0.0,
                "min": 0.0,
                "count": 8
            },
            "second": {
                "max": 0.0,
                "p50": 0.0,
                "p95": 0.0,
                "p99": 0.0,
                "min": 0.0,
                "count": 8
            }
        },
        "500M": {
            "first": {
                "max": 13086.72,
                "p50": 12902.400000000001,
                "p95": 13054.464,
                "p99": 13080.2688,
                "min": 12308.48,
                "count": 8
            },
            "second": {
                "max": 0.0,
                "p50": 0.0,
                "p95": 0.0,
                "p99": 0.0,
                "min": 0.0,
                "count": 8
            }
        },
        "10M": {
            "first": {
                "max": 302.6,
                "p50": 283.54999999999995,
                "p95": 302.04,
                "p99": 302.488,
                "min": 278.7,
                "count": 8
            },
            "second": {
                "max": 0.0,
                "p50": 0.0,
                "p95": 0.0,
                "p99": 0.0,
                "min": 0.0,
                "count": 8
            }
        },
        "100M": {
            "second": {
                "max": 0.0,
                "p50": 0.0,
                "p95": 0.0,
                "p99": 0.0,
                "min": 0.0,
                "count": 8
            },
            "first": {
                "max": 3433.472,
                "p50": 3223.5519999999997,
                "p95": 3398.7072,
                "p99": 3426.51904,
                "min": 3069.952,
                "count": 8
            }
        },
        "1000M": {
            "first": {
                "max": 23971.84,
                "p50": 23828.48,
                "p95": 23961.088,
                "p99": 23969.6896,
                "min": 23091.2,
                "count": 8
            },
            "second": {
                "max": 0.0,
                "p50": 0.0,
                "p95": 0.0,
                "p99": 0.0,
                "min": 0.0,
                "count": 8
            }
        }
    },
    "geth": {
        "500M": {
            "second": {
                "max": 0.0,
                "p50": 0.0,
                "p95": 0.0,
                "p99": 0.0,
                "min": 0.0,
                "count": 8
            },
            "first": {
                "max": 29726.72,
                "p50": 27284.48,
                "p95": 29708.8,
                "p99": 29723.136000000002,
                "min": 24739.84,
                "count": 8
            }
        },
        "10M": {
            "first": {
                "max": 665.5,
                "p50": 609.15,
                "p95": 652.6899999999999,
                "p99": 662.938,
                "min": 391.8,
                "count": 8
            },
            "second": {
                "max": 0.0,
                "p50": 0.0,
                "p95": 0.0,
                "p99": 0.0,
                "min": 0.0,
                "count": 8
            }
        },
        "1M": {
            "first": {
                "max": 122.4,
                "p50": 78.49,
                "p95": 109.69499999999998,
                "p99": 119.859,