{
    "besu": {
        "1M": {
            "first": {
                "max": 990.9,
                "p50": 649.2,
                "p95": 879.3549999999998,
                "p99": 968.5909999999999,
                "min": 545.5,
                "count": 8
            },
            "second": {
                "max": 992.2,
                "p50": 909.4,
                "p95": 979.4250000000001,
                "p99": 989.645,
                "min": 874.1,
                "count": 8
            }
        },
        "10M": {
            "first": {
                "max": 3447.808,
                "p50": 3006.464,
                "p95": 3350.6816,
                "p99": 3428.38272,
                "min": 2828.288,
                "count": 8
            },
            "second": {
                "max": 3515.392,
                "p50": 3113.4719999999998,
                "p95": 3451.2383999999997,
                "p99": 3502.56128,
                "min": 2764.8,
                "count": 8
            }
        },
        "1000M": {
            "first": {
                "max": 49152.0,
                "p50": 49085.44,
                "p95": 49148.416,
                "p99": 49151.2832,
                "min": 48865.28,
                "count": 8
            }
        },
        "100M": {
            "second": {
                "max": 28702.72,
                "p50": 24744.96,
                "p95": 28656.128,
                "p99": 28693.4016,
                "min": 21043.2,
                "count": 8
            },
            "first": {
                "max": 26828.8,
                "p50": 23941.120000000003,
                "p95": 26162.176,
                "p99": 26695.475199999997,
                "min": 17725.44,
                "count": 8
            }
        },
        "500M": {
            "first": {
                "max": 48926.72,
                "p50": 46740.479999999996,
                "p95": 48840.704,
                "p99": 48909.5168,
                "min": 45322.24,
                "count": 8
            }
        }
    },
    "nethermind": {
        "1000M": {
            "second": {
                "max": 27596.8,
                "p50": 26204.16,
                "p95": 27589.631999999998,
                "p99": 27595.3664,
                "min": 25835.52,
                "count": 8
            },
            "first": {
                "max": 30392.32,
                "p50": 26731.52,
                "p95": 29342.208,
                "p99": 30182.297599999998,
                "min": 26030.08,
                "count": 8
            }
        },
        "10M": {
            "second": {
                "max": 757.9,
                "p50": 738.35,
                "p95": 755.905,
                "p99": 757.501,
                "min": 700.9,
                "count": 8
            },
            "first": {
                "max": 752.6,
                "p50": 734.0,
                "p95": 751.9350000000001,
                "p99": 752.467,
                "min": 696.1,
                "count": 8
            }
        },
        "1M": {
            "second": {
                "max": 499.2,
                "p50": 461.6,
                "p95": 487.12499999999994,
                "p99": 496.78499999999997,
                "min": 456.8,
                "count": 8
            },
            "first": {
                "max": 485.5,
                "p50": 458.35,
                "p95": 484.31,
                "p99": 485.262,
                "min": 445.2,
                "count": 8
            }
        },
        "100M": {
            "second": {
                "max": 3379.2,
                "p50": 3320.832,
                "p95": 3369.8815999999997,
                "p99": 3377.33632,
                "min": 3217.408,
                "count": 8
            },
            "first": {
                "max": 3351.552,
                "p50": 3293.696,
                "p95": 3346.5344,
                "p99": 3350.54848,
                "min": 3227.648,
                "count": 8
            }
        },
        "500M": {
            "second": {
                "max": 16199.68,
                "p50": 15718.400000000001,
                "p95": 16188.928,
                "p99": 16197.5296,
                "min": 15636.48,
                "count": 8
            },
            "first": {
                "max": 16199.68,
                "p50": 16117.759999999998,
                "p95": 16192.512,
                "p99": 16198.2464,
                "min": 15595.52,
                "count": 8
            }
        }
    },
    "erigon": {
        "1M": {
            "first": {
                "max": 0.0,
                "p50": 0.0,
                "p95": 0.0,
                "p99": 0.0,
                "min": 0.0,
                "count": 8
            },
            "second": {
                "max": 75.0,
                "p50": 71.63499999999999,
                "p95": 74.53099999999999,
                "p99": 74.9062,
                "min": 67.27,
                "count": 8
            }
        },
        "500M": {
            "first": {
                "max": 15831.04,
                "p50": 13788.16,
                "p95": 15458.304,
                "p99": 15756.4928,
                "min": 12892.16,
                "count": 8
            },
            "second": {
                "max": 74.47,
                "p50": 73.14,
                "p95": 74.169,
                "p99": 74.4098,
                "min": 70.23,
                "count": 8
            }
        },
        "10M": {
            "first": {
                "max": 308.6,
                "p50": 297.6,
                "p95": 306.185,
                "p99": 308.117,
                "min": 281.3,
                "count": 8
            },
            "second": {
                "max": 73.45,
                "p50": 71.92,
                "p95": 73.2855,
                "p99": 73.4171,
                "min": 68.72,
                "count": 8
            }
        },
        "100M": {
            "second": {
                "max": 74.4,
                "p50": 72.75,
                "p95": 74.1375,
                "p99": 74.34750000000001,
                "min": 68.9,
                "count": 8
            },
            "first": {
                "max": 3414.016,
                "p50": 3213.312,
                "p95": 3358.1056,
                "p99": 3402.83392,
                "min": 3053.568,
                "count": 8
            }
        },
        "1000M": {
            "first": {
                "max": 28221.44,
                "p50": 24115.199999999997,
                "p95": 28088.832,
                "p99": 28194.9184,
                "min": 23162.88,
                "count": 8
            },
            "second": {
                "max": 75.24,
                "p50": 72.64,
                "p95": 74.8305,
                "p99": 75.15809999999999,
                "min": 72.07,
                "count": 8
            }
        }
    },
    "geth": {
        "500M": {
            "second": {
                "max": 51.2,
                "p50": 48.515,
                "p95": 51.042500000000004,
                "p99": 51.1685,
                "min": 45.14,
                "count": 8
            },
            "first": {
                "max": 29593.6,
                "p50": 27607.04,
                "p95": 29331.968,
                "p99": 29541.273599999997,
                "min": 26439.68,
                "count": 8
            }
        },
        "10M": {
            "first": {
                "max": 610.0,
                "p50": 548.2,
                "p95": 601.6,
                "p99": 608.3199999999999,
                "min": 485.6,
                "count": 8
            },
            "second": {
                "max": 56.04,
                "p50": 51.239999999999995,
                "p95": 55.318999999999996,
                "p99": 55.8958,
                "min": 45.99,