{
    "besu": {
        "1M": {
            "first": {
                "max": 874.3,
                "p50": 458.0,
                "p95": 771.2949999999998,
                "p99": 853.6989999999998,
                "min": 415.8,
                "count": 8
            },
            "second": {
                "max": 582.7,
                "p50": 556.4,
                "p95": 581.965,
                "p99": 582.553,
                "min": 451.6,
                "count": 8
            }
        },
        "10M": {
            "first": {
                "max": 2900.992,
                "p50": 2357.248,
                "p95": 2739.3536,
                "p99": 2868.66432,
                "min": 2010.112,
                "count": 8
            },
            "second": {
                "max": 2492.416,
                "p50": 2071.04,
                "p95": 2427.1872,
                "p99": 2479.37024,
                "min": 1815.552,
                "count": 8
            }
        },
        "1000M": {
            "first": {
                "max": 32768.0,
                "p50": 32189.44,
                "p95": 32750.079999999998,
                "p99": 32764.416,
                "min": 29317.12,
                "count": 8
            }
        },
        "100M": {
            "second": {
                "max": 20172.8,
                "p50": 17039.36,
                "p95": 19585.023999999998,
                "p99": 20055.2448,
                "min": 14940.16,
                "count": 8
            },
            "first": {
                "max": 20807.68,
                "p50": 17633.28,
                "p95": 20069.376,
                "p99": 20660.0192,
                "min": 16209.92,
                "count": 8
            }
        },
        "500M": {
            "first": {
                "max": 32675.84,
                "p50": 32215.04,
                "p95": 32672.256,
                "p99": 32675.1232,
                "min": 29931.52,
                "count": 8
            }
        }
    },
    "nethermind": {
        "1000M": {
            "second": {
                "max": 28600.32,
                "p50": 27392.0,
                "p95": 28252.672,
                "p99": 28530.790399999998,
                "min": 26378.24,
                "count": 8
            },
            "first": {
                "max": 31662.08,
                "p50": 27397.120000000003,
                "p95": 30579.712,
                "p99": 31445.6064,
                "min": 26173.44,
                "count": 8
            }
        },
        "10M": {
            "second": {
                "max": 749.8,
                "p50": 704.8,
                "p95": 749.3449999999999,
                "p99": 749.709,
                "min": 681.1,
                "count": 8
            },
            "first": {
                "max": 735.6,
                "p50": 715.3,
                "p95": 732.975,
                "p99": 735.075,
                "min": 688.3,
                "count": 8
            }
        },
        "1M": {
            "second": {
                "max": 493.2,
                "p50": 450.7,
                "p95": 491.38,
                "p99": 492.836,
                "min": 444.6,
                "count": 8
            },
            "first": {
                "max": 495.7,
                "p50": 452.1,
                "p95": 493.59999999999997,
                "p99": 495.28,
                "min": 449.4,
                "count": 8
            }
        },
        "100M": {
            "second": {
                "max": 3352.576,
                "p50": 3285.504,
                "p95": 3350.4256,
                "p99": 3352.14592,
                "min": 3211.264,
                "count": 8
            },
            "first": {
                "max": 3346.432,
                "p50": 3323.392,
                "p95": 3346.432,
                "p99": 3346.432,
                "min": 3227.648,
                "count": 8
            }
        },
        "500M": {
            "second": {
                "max": 16271.36,
                "p50": 16158.720000000001,
                "p95": 16257.024,
                "p99": 16268.4928,
                "min": 15697.92,
                "count": 8
            },
            "first": {
                "max": 16250.88,
                "p50": 16184.32,
                "p95": 16232.96,
                "p99": 16247.295999999998,
                "min": 15728.64,
                "count": 8
            }
        }
    },
    "erigon": {
        "1M": {
            "first": {
                "max": 0.0,
                "p50": 0.0,
                "p95": 0.0,
                "p99": 0.0,
                "min": 0.0,
                "count": 8
            },
            "second": {
                "max": 0.0,
                "p50": 0.0,
                "p95": 0.0,
                "p99": 0.0,
                "min": 0.0,
                "count": 8
            }
        },
        "500M": {
            "first": {
                "max": 14776.32,
                "p50": 12789.76,
                "p95": 14701.056,
                "p99": 14761.2672,
                "min": 12165.12,
                "count": 8
            },
            "second": {
                "max": 0.0,
                "p50": 0.0,
                "p95": 0.0,
                "p99": 0.0,
                "min": 0.0,
                "count": 8
            }
        },
        "10M": {
            "first": {
                "max": 296.7,
                "p50": 285.15,
                "p95": 293.72499999999997,
                "p99": 296.10499999999996,
                "min": 265.2,
                "count": 8
            },
            "second": {
                "max": 0.0,
                "p50": 0.0,
                "p95": 0.0,
                "p99": 0.0,
                "min": 0.0,
                "count": 8
            }
        },
        "100M": {
            "second": {
                "max": 0.0,
                "p50": 0.0,
                "p95": 0.0,
                "p99": 0.0,
                "min": 0.0,
                "count": 8
            },
            "first": {
                "max": 3241.984,
                "p50": 3211.776,
                "p95": 3239.1168,
                "p99": 3241.41056,
                "min": 2620.416,
                "count": 8
            }
        },
        "1000M": {
            "first": {
                "max": 28303.36,
                "p50": 23823.36,
                "p95": 26744.319999999996,
                "p99": 27991.552,
                "min": 22487.04,
                "count": 8
            },
            "second": {
                "max": 0.0,
                "p50": 0.0,
                "p95": 0.0,
                "p99": 0.0,
                "min": 0.0,
                "count": 8
            }
        }
    },
    "geth": {
        "500M": {
            "second": {
                "max": 0.0,
                "p50": 0.0,
                "p95": 0.0,
                "p99": 0.0,
                "min": 0.0,
                "count": 8
            },
            "first": {
                "max": 28815.36,
                "p50": 28052.48,
                "p95": 28801.024,
                "p99": 28812.4928,
                "min": 25477.12,
                "count": 8
            }
        },
        "10M": {
            "first": {
                "max": 655.0,
                "p50": 567.8,
                "p95": 653.53,
                "p99": 654.706,
                "min": 423.1,
                "count": 8
            },
            "second": {
                "max": 0.0,
                "p50": 0.0,
                "p95": 0.0,
                "p99": 0.0,
                "min": 0.0,
                "count": 8
            }
        },
        "1M": {
            "first": {
                "max": 92.5,
                "p50": 76.745,
                "p95": 89.9135,
                "p99": 91.9827,
                "min": 72.04,