{
    "besu": {
        "1M": {
            "first": {
                "max": 823.8,
                "p50": 545.9000000000001,
                "p95": 734.2699999999999,
                "p99": 805.8939999999999,
                "min": 418.5,
                "count": 8
            },
            "second": {
                "max": 587.2,
                "p50": 514.8,
                "p95": 581.215,
                "p99": 586.003,
                "min": 452.4,
                "count": 8
            }
        },
        "10M": {
            "first": {
                "max": 2459.648,
                "p50": 2334.208,
                "p95": 2449.2544000000003,
                "p99": 2457.56928,
                "min": 1908.736,
                "count": 8
            },
            "second": {
                "max": 2504.704,
                "p50": 2293.76,
                "p95": 2498.9696000000004,
                "p99": 2503.5571200000004,
                "min": 1795.072,
                "count": 8
            }
        },
        "1000M": {
            "first": {
                "max": 32655.36,
                "p50": 31754.239999999998,
                "p95": 32637.44,
                "p99": 32651.776,
                "min": 29788.16,
                "count": 8
            }
        },
        "100M": {
            "second": {
                "max": 19947.52,
                "p50": 17239.04,
                "p95": 19725.311999999998,
                "p99": 19903.0784,
                "min": 14489.6,
                "count": 8
            },
            "first": {
                "max": 19619.84,
                "p50": 16732.16,
                "p95": 18817.023999999998,
                "p99": 19459.2768,
                "min": 14786.56,
                "count": 8
            }
        },
        "500M": {
            "first": {
                "max": 32768.0,
                "p50": 32261.12,
                "p95": 32735.744,
                "p99": 32761.5488,
                "min": 30443.52,
                "count": 8
            }
        }
    },
    "nethermind": {
        "1000M": {
            "second": {
                "max": 27586.56,
                "p50": 27386.879999999997,
                "p95": 27550.72,
                "p99": 27579.392,
                "min": 26142.72,
                "count": 8
            },
            "first": {
                "max": 31508.48,
                "p50": 27381.760000000002,
                "p95": 30494.208,
                "p99": 31305.6256,
                "min": 26204.16,
                "count": 8
            }
        },
        "10M": {
            "second": {
                "max": 751.1,
                "p50": 707.4,
                "p95": 743.155,
                "p99": 749.511,
                "min": 691.0,
                "count": 8
            },
            "first": {
                "max": 754.5,
                "p50": 728.9000000000001,
                "p95": 750.195,
                "p99": 753.639,
                "min": 698.5,
                "count": 8
            }
        },
        "1M": {
            "second": {
                "max": 462.6,
                "p50": 453.15,
                "p95": 460.99,
                "p99": 462.278,
                "min": 448.1,
                "count": 8
            },
            "first": {
                "max": 491.7,
                "p50": 457.35,
                "p95": 480.115,
                "p99": 489.383,
                "min": 449.3,
                "count": 8
            }
        },
        "100M": {
            "second": {
                "max": 3360.768,
                "p50": 3302.4,
                "p95": 3356.1088,
                "p99": 3359.83616,
                "min": 3197.952,
                "count": 8
            },
            "first": {
                "max": 3332.096,
                "p50": 3260.416,
                "p95": 3327.7952,
                "p99": 3331.23584,
                "min": 3183.616,
                "count": 8
            }
        },
        "500M": {
            "second": {
                "max": 16240.64,
                "p50": 15692.8,
                "p95": 16233.472,
                "p99": 16239.2064,
                "min": 15503.36,
                "count": 8
            },
            "first": {
                "max": 16281.6,
                "p50": 16174.08,
                "p95": 16260.096,
                "p99": 16277.2992,
                "min": 15687.68,
                "count": 8
            }
        }
    },
    "erigon": {
        "1M": {
            "first": {
                "max": 0.0,
                "p50": 0.0,
                "p95": 0.0,
                "p99": 0.0,
                "min": 0.0,
                "count": 8
            },
            "second": {
                "max": 0.0,
                "p50": 0.0,
                "p95": 0.0,
                "p99": 0.0,
                "min": 0.0,
                "count": 8
            }
        },
        "500M": {
            "first": {
                "max": 14735.36,
                "p50": 12846.08,
                "p95": 14337.536,
                "p99": 14655.7952,
                "min": 12492.8,
                "count": 8
            },
            "second": {
                "max": 0.0,
                "p50": 0.0,
                "p95": 0.0,
                "p99": 0.0,
                "min": 0.0,
                "count": 8
            }
        },
        "10M": {
            "first": {
                "max": 301.0,
                "p50": 284.35,
                "p95": 299.25,
                "p99": 300.65,
                "min": 274.8,
                "count": 8
            },
            "second": {
                "max": 0.0,
                "p50": 0.0,
                "p95": 0.0,
                "p99": 0.0,
                "min": 0.0,
                "count": 8
            }
        },
        "100M": {
            "second": {
                "max": 0.0,
                "p50": 0.0,
                "p95": 0.0,
                "p99": 0.0,
                "min": 0.0,
                "count": 8
            },
            "first": {
                "max": 3255.296,
                "p50": 3230.208,
                "p95": 3253.1456,
                "p99": 3254.8659199999997,
                "min": 2985.984,
                "count": 8
            }
        },
        "1000M": {
            "first": {
                "max": 26900.48,
                "p50": 23720.96,
                "p95": 25972.224,
                "p99": 26714.8288,
                "min": 23203.84,
                "count": 8
            },
            "second": {
                "max": 0.0,
                "p50": 0.0,
                "p95": 0.0,
                "p99": 0.0,
                "min": 0.0,
                "count": 8
            }
        }
    },
    "geth": {
        "500M": {
            "second": {
                "max": 0.0,
                "p50": 0.0,
                "p95": 0.0,
                "p99": 0.0,
                "min": 0.0,
                "count": 8
            },
            "first": {
                "max": 29736.96,
                "p50": 27740.16,
                "p95": 29711.872,
                "p99": 29731.9424,
                "min": 26224.64,
                "count": 8
            }
        },
        "10M": {
            "first": {
                "max": 655.1,
                "p50": 603.4,
                "p95": 644.145,
                "p99": 652.909,
                "min": 426.7,
                "count": 8
            },
            "second": {
                "max": 0.0,
                "p50": 0.0,
                "p95": 0.0,
                "p99": 0.0,
                "min": 0.0,
                "count": 8
            }
        },
        "1M": {
            "first": {
                "max": 102.4,
                "p50": 76.565,
                "p95": 94.67899999999999,
                "p99": 100.8558,