{
    "besu": {
        "1000M": {
            "second": {
                "max": 45219.84,
                "p50": 45178.88,
                "p95": 45219.84,
                "p99": 45219.84,
                "min": 45096.96,
                "count": 8
            },
            "first": {
                "max": 45230.08,
                "p50": 45153.28,
                "p95": 45215.744,
                "p99": 45227.2128,
                "min": 45004.8,
                "count": 8
            }
        }
    },
    "nethermind": {
        "1000M": {
            "second": {
                "max": 31221.76,
                "p50": 27919.36,
                "p95": 31178.752,
                "p99": 31213.1584,
                "min": 27535.36,
                "count": 8
            },
            "first": {
                "max": 31242.24,
                "p50": 28175.36,
                "p95": 31152.640000000003,
                "p99": 31224.32,
                "min": 27617.28,
                "count": 8
            }
        }
    },
    "erigon": {
        "1000M": {
            "first": {
                "max": 28303.36,
                "p50": 23639.04,
                "p95": 26744.319999999996,
                "p99": 27991.552,
                "min": 23214.08,
                "count": 8
            },
            "second": {
                "max": 73.47,
                "p50": 71.55,
                "p95": 73.3685,
                "p99": 73.44969999999999,
                "min": 68.1,
                "count": 8
            }
        }
    },
    "geth": {
        "1000M": {
            "first": {
                "max": 43151.36,
                "p50": 40294.4,
                "p95": 43043.840000000004,
                "p99": 43129.856,
                "min": 40038.4,
                "count": 8
            },
            "second": {
                "max": 50.6,
                "p50": 46.56,
                "p95": 50.0645,
                "p99": 50.4929,
                "min": 43.5,
                "count": 8
            }
        }
    },
    "reth": {
        "1000M": {
            "second": {
                "max": 3686.4,
                "p50": 3668.992,
                "p95": 3686.4,
                "p99": 3686.4,
                "min": 3653.632,
                "count": 8
            },
            "first": {
                "max": 15472.64,
                "p50": 15421.44,
                "p95": 15465.472,
                "p99": 15471.2064,
                "min": 15380.48,
                "count": 8
            }
        }
    }
}