{
    "besu": {
        "1000M": {
            "second": {
                "max": 45240.32,
                "p50": 45204.479999999996,
                "p95": 45240.32,
                "p99": 45240.32,
                "min": 45137.92,
                "count": 8
            },
            "first": {
                "max": 45322.24,
                "p50": 45230.08,
                "p95": 45293.568,
                "p99": 45316.5056,
                "min": 44984.32,
                "count": 8
            }
        }
    },
    "nethermind": {
        "1000M": {
            "second": {
                "max": 28334.08,
                "p50": 27197.44,
                "p95": 28212.224000000002,
                "p99": 28309.7088,
                "min": 21268.48,
                "count": 8
            },
            "first": {
                "max": 28866.56,
                "p50": 26936.32,
                "p95": 28848.64,
                "p99": 28862.976000000002,
                "min": 23756.8,
                "count": 8
            }
        }
    },
    "erigon": {
        "1000M": {
            "first": {
                "max": 27166.72,
                "p50": 24192.0,
                "p95": 27069.952,
                "p99": 27147.366400000003,
                "min": 23244.8,
                "count": 8
            },
            "second": {
                "max": 74.14,
                "p50": 71.895,
                "p95": 73.601,
                "p99": 74.0322,
                "min": 67.65,
                "count": 8
            }
        }
    },
    "geth": {
        "1000M": {
            "first": {
                "max": 42762.24,
                "p50": 40632.32,
                "p95": 42213.888,
                "p99": 42652.569599999995,
                "min": 38891.52,
                "count": 8
            },
            "second": {
                "max": 52.54,
                "p50": 46.87,
                "p95": 52.105999999999995,
                "p99": 52.453199999999995,
                "min": 44.46,
                "count": 8
            }
        }
    },
    "reth": {
        "1000M": {
            "second": {
                "max": 3684.352,
                "p50": 3655.6800000000003,
                "p95": 3682.2016,
                "p99": 3683.92192,
                "min": 3612.672,
                "count": 8
            },
            "first": {
                "max": 16865.28,
                "p50": 16599.04,
                "p95": 16865.28,
                "p99": 16865.28,
                "min": 15462.4,
                "count": 8
            }
        }
    }
}