{
    "besu": {
        "500M": {
            "second": {
                "max": 39383.04,
                "p50": 39193.6,
                "p95": 39361.536,
                "p99": 39378.7392,
                "min": 33884.16,
                "count": 8
            },
            "first": {
                "max": 39444.48,
                "p50": 36874.24,
                "p95": 39401.472,
                "p99": 39435.8784,
                "min": 33966.08,
                "count": 8
            }
        },
        "1000M": {
            "first": {
                "max": -1.0,
                "p50": -1.0,
                "p95": -1.0,
                "p99": -1.0,
                "min": -1.0,
                "count": 8
            }
        }
    },
    "nethermind": {
        "1000M": {
            "second": {
                "max": 27422.72,
                "p50": 26214.4,
                "p95": 27028.48,
                "p99": 27343.872,
                "min": 25948.16,
                "count": 8
            },
            "first": {
                "max": 28682.24,
                "p50": 26803.2,
                "p95": 28639.232,
                "p99": 28673.6384,
                "min": 26060.8,
                "count": 8
            }
        },
        "500M": {
            "second": {
                "max": 16209.92,
                "p50": 15851.52,
                "p95": 16192.0,
                "p99": 16206.336,
                "min": 15595.52,
                "count": 8
            },
            "first": {
                "max": 16240.64,
                "p50": 15938.56,
                "p95": 16233.472,
                "p99": 16239.2064,
                "min": 15656.96,
                "count": 8
            }
        }
    },
    "erigon": {
        "500M": {
            "first": {
                "max": 15831.04,
                "p50": 12948.48,
                "p95": 15375.872,
                "p99": 15740.0064,
                "min": 12001.28,
                "count": 8
            },
            "second": {
                "max": 74.86,
                "p50": 72.25999999999999,
                "p95": 74.727,
                "p99": 74.8334,
                "min": 70.33,
                "count": 8
            }
        },
        "1000M": {
            "first": {
                "max": 28231.68,
                "p50": 24837.120000000003,
                "p95": 27769.344,
                "p99": 28139.2128,
                "min": 23193.6,
                "count": 8
            },
            "second": {
                "max": 71.96,
                "p50": 71.42,
                "p95": 71.91449999999999,
                "p99": 71.95089999999999,
                "min": 70.4,
                "count": 8
            }
        }
    },
    "geth": {
        "500M": {
            "second": {
                "max": 49.46,
                "p50": 45.480000000000004,
                "p95": 48.55,
                "p99": 49.278,
                "min": 43.56,
                "count": 8
            },
            "first": {
                "max": 29276.16,
                "p50": 27719.68,
                "p95": 28928.512,
                "p99": 29206.6304,
                "min": 26449.92,
                "count": 8
            }
        },
        "1000M": {
            "first": {
                "max": 59473.92,
                "p50": 57195.520000000004,
                "p95": 59409.407999999996,
                "p99": 59461.0176,
                "min": 50749.44,
                "count": 8
            },
            "second": {
                "max": 49.8,
                "p50": 46.8,
                "p95": 49.330999999999996,
                "p99": 49.706199999999995,
                "min": 43.96,
                "count": 8
            }
        }
    },
    "reth": {
        "500M": {
            "first": {
                "max": 11560.96,
                "p50": 10941.439999999999,
                "p95": 11514.367999999999,
                "p99": 11551.641599999999,
                "min": 10089.472,
                "count": 8
            },
            "second": {
                "max": 4299.776,
                "p50": 4296.192,
                "p95": 4299.776,
                "p99": 4299.776,
                "min": 4070.4,
                "count": 8
            }
        },
        "1000M": {
            "second": {
                "max": 7353.344,
                "p50": 6796.799999999999,
                "p95": 7160.1664,
                "p99": 7314.70848,
                "min": 6776.832,
                "count": 8
            },
            "first": {
                "max": 22886.4,
                "p50": 22036.48,
                "p95": 22599.68,
                "p99": 22829.056,
                "min": 21985.28,
                "count": 8
            }
        }
    }
}