{
    "besu": {
        "500M": {
            "second": {
                "max": 37027.84,
                "p50": 36218.88,
                "p95": 36784.128,
                "p99": 36979.097599999994,
                "min": 35747.84,
                "count": 8
            },
            "first": {
                "max": 37785.6,
                "p50": 36433.92,
                "p95": 37466.623999999996,
                "p99": 37721.8048,
                "min": 35328.0,
                "count": 8
            }
        },
        "1000M": {
            "second": {
                "max": 45240.32,
                "p50": 45163.520000000004,
                "p95": 45233.152,
                "p99": 45238.8864,
                "min": 45025.28,
                "count": 8
            },
            "first": {
                "max": 45301.76,
                "p50": 45178.880000000005,
                "p95": 45280.256,
                "p99": 45297.459200000005,
                "min": 45127.68,
                "count": 8
            }
        }
    },
    "nethermind": {
        "1000M": {
            "second": {
                "max": 28784.64,
                "p50": 27274.24,
                "p95": 28368.895999999997,
                "p99": 28701.4912,
                "min": 26142.72,
                "count": 8
            },
            "first": {
                "max": 27412.48,
                "p50": 26265.6,
                "p95": 27340.8,
                "p99": 27398.144,
                "min": 26142.72,
                "count": 8
            }
        },
        "500M": {
            "second": {
                "max": 16107.52,
                "p50": 15667.2,
                "p95": 15971.328,
                "p99": 16080.2816,
                "min": 15605.76,
                "count": 8
            },
            "first": {
                "max": 16220.16,
                "p50": 16199.68,
                "p95": 16216.576,
                "p99": 16219.4432,
                "min": 15759.36,
                "count": 8
            }
        }
    },
    "erigon": {
        "500M": {
            "first": {
                "max": 13189.12,
                "p50": 12876.8,
                "p95": 13174.784,
                "p99": 13186.2528,
                "min": 12257.28,
                "count": 8
            },
            "second": {
                "max": 76.07,
                "p50": 74.21000000000001,
                "p95": 75.713,
                "p99": 75.9986,
                "min": 72.77,
                "count": 8
            }
        },
        "1000M": {
            "first": {
                "max": 27248.64,
                "p50": 24872.96,
                "p95": 26883.072,
                "p99": 27175.5264,
                "min": 24043.52,
                "count": 8
            },
            "second": {
                "max": 75.66,
                "p50": 74.625,
                "p95": 75.55149999999999,
                "p99": 75.6383,
                "min": 72.0,
                "count": 8
            }
        }
    },
    "geth": {
        "500M": {
            "second": {
                "max": 48.96,
                "p50": 47.115,
                "p95": 48.82,
                "p99": 48.932,
                "min": 44.27,
                "count": 8
            },
            "first": {
                "max": 28805.12,
                "p50": 28226.559999999998,
                "p95": 28719.104,
                "p99": 28787.9168,
                "min": 25538.56,
                "count": 8
            }
        },
        "1000M": {
            "first": {
                "max": 59504.64,
                "p50": 59018.24,
                "p95": 59475.968,
                "p99": 59498.9056,
                "min": 54528.0,
                "count": 8
            },
            "second": {
                "max": 49.43,
                "p50": 47.625,
                "p95": 49.3215,
                "p99": 49.4083,
                "min": 43.56,
                "count": 8
            }
        }
    },
    "reth": {
        "500M": {
            "first": {
                "max": 6773.76,
                "p50": 6320.639999999999,
                "p95": 6759.0656,
                "p99": 6770.8211200000005,
                "min": 5789.696,
                "count": 8
            },
            "second": {
                "max": 2915.328,
                "p50": 2454.528,
                "p95": 2754.048,
                "p99": 2883.0719999999997,
                "min": 2454.528,
                "count": 8
            }
        },
        "1000M": {
            "second": {
                "max": 3625.984,
                "p50": 3612.16,
                "p95": 3624.9087999999997,
                "p99": 3625.76896,
                "min": 3597.312,
                "count": 8
            },
            "first": {
                "max": 14233.6,
                "p50": 14202.88,
                "p95": 14230.016,
                "p99": 14232.8832,
                "min": 14049.28,
                "count": 8
            }
        }
    }
}