{
    "besu": {
        "1000M": {
            "second": {
                "max": 45219.84,
                "p50": 45184.0,
                "p95": 45212.672,
                "p99": 45218.4064,
                "min": 45127.68,
                "count": 8
            },
            "first": {
                "max": 45240.32,
                "p50": 45194.240000000005,
                "p95": 45229.568,
                "p99": 45238.1696,
                "min": 45137.92,
                "count": 8
            }
        }
    },
    "erigon": {
        "1000M": {
            "first": {
                "max": 26859.52,
                "p50": 24565.760000000002,
                "p95": 26622.976,
                "p99": 26812.2112,
                "min": 23818.24,
                "count": 8
            },
            "second": {
                "max": 76.63,
                "p50": 73.93,
                "p95": 76.49,
                "p99": 76.60199999999999,
                "min": 71.18,
                "count": 8
            }
        }
    },
    "geth": {
        "1000M": {
            "first": {
                "max": 59832.32,
                "p50": 59136.0,
                "p95": 59696.128,
                "p99": 59805.0816,
                "min": 53903.36,
                "count": 8
            },
            "second": {
                "max": 50.99,
                "p50": 47.269999999999996,
                "p95": 50.7345,
                "p99": 50.938900000000004,
                "min": 43.98,
                "count": 8
            }
        }
    },
    "reth": {
        "1000M": {
            "second": {
                "max": 3695.616,
                "p50": 3671.04,
                "p95": 3689.5232,
                "p99": 3694.39744,
                "min": 3644.416,
                "count": 8
            },
            "first": {
                "max": 14499.84,
                "p50": 14489.6,
                "p95": 14496.256,
                "p99": 14499.1232,
                "min": 14336.0,
                "count": 8
            }
        }
    },
    "nethermind": {
        "1000M": {
            "first": {
                "max": -1.0,
                "p50": -1.0,
                "p95": -1.0,
                "p99": -1.0,
                "min": -1.0,
                "count": 8
            }
        }
    }
}