{
    "besu": {
        "1000M": {
            "second": {
                "max": 45291.52,
                "p50": 45219.84,
                "p95": 45273.6,
                "p99": 45287.935999999994,
                "min": 45137.92,
                "count": 8
            },
            "first": {
                "max": 45260.8,
                "p50": 45137.92,
                "p95": 45257.216,
                "p99": 45260.0832,
                "min": 44984.32,
                "count": 8
            }
        }
    },
    "nethermind": {
        "1000M": {
            "second": {
                "max": 31344.64,
                "p50": 27898.88,
                "p95": 31247.872,
                "p99": 31325.2864,
                "min": 27607.04,
                "count": 8
            },
            "first": {
                "max": 31324.16,
                "p50": 27909.12,
                "p95": 31252.48,
                "p99": 31309.824,
                "min": 27617.28,
                "count": 8
            }
        }
    },
    "erigon": {
        "1000M": {
            "first": {
                "max": 26920.96,
                "p50": 24668.16,
                "p95": 26903.039999999997,
                "p99": 26917.376,
                "min": 23367.68,
                "count": 8
            },
            "second": {
                "max": 75.15,
                "p50": 72.88999999999999,
                "p95": 75.1045,
                "p99": 75.1409,
                "min": 69.77,
                "count": 8
            }
        }
    },
    "geth": {
        "1000M": {
            "first": {
                "max": 43520.0,
                "p50": 42209.28,
                "p95": 43330.048,
                "p99": 43482.0096,
                "min": 41543.68,
                "count": 8
            },
            "second": {
                "max": 51.55,
                "p50": 47.75,
                "p95": 51.417,
                "p99": 51.523399999999995,
                "min": 45.66,
                "count": 8
            }
        }
    },
    "reth": {
        "1000M": {
            "second": {
                "max": 3705.856,
                "p50": 3672.576,
                "p95": 3699.4048000000003,
                "p99": 3704.5657600000004,
                "min": 3654.656,
                "count": 8
            },
            "first": {
                "max": 15452.16,
                "p50": 15380.48,
                "p95": 15444.992,
                "p99": 15450.7264,
                "min": 15308.8,
                "count": 8
            }
        }
    }
}