{
    "besu": {
        "1000M": {
            "second": {
                "max": 45271.04,
                "p50": 45209.6,
                "p95": 45263.872,
                "p99": 45269.606400000004,
                "min": 45168.64,
                "count": 8
            },
            "first": {
                "max": 45240.32,
                "p50": 45184.0,
                "p95": 45236.736,
                "p99": 45239.6032,
                "min": 44963.84,
                "count": 8
            }
        }
    },
    "erigon": {
        "1000M": {
            "first": {
                "max": 29020.16,
                "p50": 25292.8,
                "p95": 28991.488,
                "p99": 29014.4256,
                "min": 23920.64,
                "count": 8
            },
            "second": {
                "max": 75.71,
                "p50": 74.32,
                "p95": 75.5035,
                "p99": 75.6687,
                "min": 73.18,
                "count": 8
            }
        }
    },
    "geth": {
        "1000M": {
            "first": {
                "max": 59668.48,
                "p50": 59100.16,
                "p95": 59557.376000000004,
                "p99": 59646.2592,
                "min": 55398.4,
                "count": 8
            },
            "second": {
                "max": 52.68,
                "p50": 47.86,
                "p95": 52.5155,
                "p99": 52.6471,
                "min": 44.98,
                "count": 8
            }
        }
    },
    "reth": {
        "1000M": {
            "second": {
                "max": 3712.0,
                "p50": 3685.376,
                "p95": 3704.832,
                "p99": 3710.5664,
                "min": 3666.944,
                "count": 8
            },
            "first": {
                "max": 14499.84,
                "p50": 14489.6,
                "p95": 14499.84,
                "p99": 14499.84,
                "min": 14356.48,
                "count": 8
            }
        }
    },
    "nethermind": {
        "1000M": {
            "first": {
                "max": -1.0,
                "p50": -1.0,
                "p95": -1.0,
                "p99": -1.0,
                "min": -1.0,
                "count": 8
            }
        }
    }
}