{
    "besu": {
        "1000M": {
            "second": {
                "max": 45250.56,
                "p50": 45214.72,
                "p95": 45246.975999999995,
                "p99": 45249.843199999996,
                "min": 45148.16,
                "count": 8
            },
            "first": {
                "max": 45260.8,
                "p50": 45178.88,
                "p95": 45253.632000000005,
                "p99": 45259.366400000006,
                "min": 45004.8,
                "count": 8
            }
        }
    },
    "erigon": {
        "1000M": {
            "first": {
                "max": 28876.8,
                "p50": 25978.88,
                "p95": 28156.415999999997,
                "p99": 28732.7232,
                "min": 24043.52,
                "count": 8
            },
            "second": {
                "max": 75.94,
                "p50": 73.4,
                "p95": 75.863,
                "p99": 75.9246,
                "min": 70.4,
                "count": 8
            }
        }
    },
    "geth": {
        "1000M": {
            "first": {
                "max": 60129.28,
                "p50": 59095.04,
                "p95": 59881.984,
                "p99": 60079.8208,
                "min": 57763.84,
                "count": 8
            },
            "second": {
                "max": 50.87,
                "p50": 47.185,
                "p95": 50.541,
                "p99": 50.804199999999994,
                "min": 43.69,
                "count": 8
            }
        }
    },
    "reth": {
        "1000M": {
            "second": {
                "max": -1.0,
                "p50": -1.0,
                "p95": -1.0,
                "p99": -1.0,
                "min": -1.0,
                "count": 8
            },
            "first": {
                "max": 14489.6,
                "p50": 14474.240000000002,
                "p95": 14489.6,
                "p99": 14489.6,
                "min": 14264.32,
                "count": 8
            }
        }
    },
    "nethermind": {
        "1000M": {
            "first": {
                "max": -1.0,
                "p50": -1.0,
                "p95": -1.0,
                "p99": -1.0,
                "min": -1.0,
                "count": 8
            }
        }
    }
}