{
    "besu": {
        "500M": {
            "second": {
                "max": 39424.0,
                "p50": 39372.8,
                "p95": 39413.248,
                "p99": 39421.8496,
                "min": 34232.32,
                "count": 8
            },
            "first": {
                "max": 39434.24,
                "p50": 39377.92,
                "p95": 39423.488,
                "p99": 39432.0896,
                "min": 33925.12,
                "count": 8
            }
        },
        "1000M": {
            "first": {
                "max": -1.0,
                "p50": -1.0,
                "p95": -1.0,
                "p99": -1.0,
                "min": -1.0,
                "count": 8
            }
        }
    },
    "nethermind": {
        "1000M": {
            "second": {
                "max": 28610.56,
                "p50": 27356.16,
                "p95": 28262.912,
                "p99": 28541.0304,
                "min": 26183.68,
                "count": 8
            },
            "first": {
                "max": 28907.52,
                "p50": 27980.8,
                "p95": 28828.672000000002,
                "p99": 28891.7504,
                "min": 26152.96,
                "count": 8
            }
        },
        "500M": {
            "second": {
                "max": 16220.16,
                "p50": 15723.52,
                "p95": 16195.072,
                "p99": 16215.1424,
                "min": 15482.88,
                "count": 8
            },
            "first": {
                "max": 16199.68,
                "p50": 15907.84,
                "p95": 16196.096,
                "p99": 16198.9632,
                "min": 15575.04,
                "count": 8
            }
        }
    },
    "erigon": {
        "500M": {
            "first": {
                "max": 14592.0,
                "p50": 12856.32,
                "p95": 13993.472,
                "p99": 14472.294399999999,
                "min": 12451.84,
                "count": 8
            },
            "second": {
                "max": 73.59,
                "p50": 72.195,
                "p95": 73.5585,
                "p99": 73.58370000000001,
                "min": 69.43,
                "count": 8
            }
        },
        "1000M": {
            "first": {
                "max": 25200.64,
                "p50": 23710.72,
                "p95": 24881.663999999997,
                "p99": 25136.8448,
                "min": 23265.28,
                "count": 8
            },
            "second": {
                "max": 73.38,
                "p50": 72.465,
                "p95": 73.35549999999999,
                "p99": 73.37509999999999,
                "min": 71.34,
                "count": 8
            }
        }
    },
    "geth": {
        "500M": {
            "second": {
                "max": 50.71,
                "p50": 48.75,
                "p95": 50.416,
                "p99": 50.6512,
                "min": 46.89,
                "count": 8
            },
            "first": {
                "max": 29696.0,
                "p50": 27550.72,
                "p95": 29377.023999999998,
                "p99": 29632.2048,
                "min": 26408.96,
                "count": 8
            }
        },
        "1000M": {
            "first": {
                "max": 59279.36,
                "p50": 56074.24,
                "p95": 59254.272,
                "p99": 59274.3424,
                "min": 52766.72,
                "count": 8
            },
            "second": {
                "max": 51.62,
                "p50": 45.7,
                "p95": 49.94349999999999,
                "p99": 51.284699999999994,
                "min": 43.59,
                "count": 8
            }
        }
    },
    "reth": {
        "500M": {
            "first": {
                "max": 11694.08,
                "p50": 10992.64,
                "p95": 11597.312,
                "p99": 11674.7264,
                "min": 9618.432,
                "count": 8
            },
            "second": {
                "max": 4299.776,
                "p50": 4298.752,
                "p95": 4299.4176,
                "p99": 4299.70432,
                "min": 4254.72,
                "count": 8
            }
        },
        "1000M": {
            "second": {
                "max": 7399.424,
                "p50": 6790.656,
                "p95": 7190.8351999999995,
                "p99": 7357.7062399999995,
                "min": 6768.64,
                "count": 8
            },
            "first": {
                "max": 22947.84,
                "p50": 22026.239999999998,
                "p95": 22843.904,
                "p99": 22927.0528,
                "min": 21831.68,
                "count": 8
            }
        }
    }
}