{
    "besu": {
        "1000M": {
            "second": {
                "max": 45281.28,
                "p50": 45204.479999999996,
                "p95": 45277.695999999996,
                "p99": 45280.5632,
                "min": 45127.68,
                "count": 8
            },
            "first": {
                "max": 45240.32,
                "p50": 45178.88,
                "p95": 45233.152,
                "p99": 45238.8864,
                "min": 45076.48,
                "count": 8
            }
        }
    },
    "erigon": {
        "1000M": {
            "first": {
                "max": 28672.0,
                "p50": 25651.199999999997,
                "p95": 27965.951999999997,
                "p99": 28530.790399999998,
                "min": 24422.4,
                "count": 8
            },
            "second": {
                "max": 76.29,
                "p50": 72.21000000000001,
                "p95": 75.3485,
                "p99": 76.10170000000001,
                "min": 69.66,
                "count": 8
            }
        }
    },
    "geth": {
        "1000M": {
            "first": {
                "max": 60999.68,
                "p50": 59146.240000000005,
                "p95": 60436.992,
                "p99": 60887.1424,
                "min": 52920.32,
                "count": 8
            },
            "second": {
                "max": 49.51,
                "p50": 47.575,
                "p95": 48.9745,
                "p99": 49.402899999999995,
                "min": 44.88,
                "count": 8
            }
        }
    },
    "reth": {
        "1000M": {
            "second": {
                "max": 3666.944,
                "p50": 3648.5119999999997,
                "p95": 3663.0016,
                "p99": 3666.15552,
                "min": 3636.224,
                "count": 8
            },
            "first": {
                "max": 14243.84,
                "p50": 14213.12,
                "p95": 14240.256,
                "p99": 14243.1232,
                "min": 14161.92,
                "count": 8
            }
        }
    },
    "nethermind": {
        "1000M": {
            "first": {
                "max": -1.0,
                "p50": -1.0,
                "p95": -1.0,
                "p99": -1.0,
                "min": -1.0,
                "count": 8
            }
        }
    }
}