{
    "besu": {
        "500M": {
            "second": {
                "max": 36904.96,
                "p50": 36101.119999999995,
                "p95": 36822.528,
                "p99": 36888.4736,
                "min": 35491.84,
                "count": 8
            },
            "first": {
                "max": 37519.36,
                "p50": 36362.24,
                "p95": 37297.152,
                "p99": 37474.9184,
                "min": 36065.28,
                "count": 8
            }
        },
        "1000M": {
            "second": {
                "max": 45260.8,
                "p50": 45209.600000000006,
                "p95": 45253.632000000005,
                "p99": 45259.366400000006,
                "min": 45035.52,
                "count": 8
            },
            "first": {
                "max": 45291.52,
                "p50": 45194.24,
                "p95": 45273.6,
                "p99": 45287.935999999994,
                "min": 45025.28,
                "count": 8
            }
        }
    },
    "nethermind": {
        "1000M": {
            "second": {
                "max": 28712.96,
                "p50": 27156.48,
                "p95": 28293.631999999998,
                "p99": 28629.094399999998,
                "min": 26152.96,
                "count": 8
            },
            "first": {
                "max": 28436.48,
                "p50": 27351.04,
                "p95": 28393.471999999998,
                "p99": 28427.878399999998,
                "min": 26040.32,
                "count": 8
            }
        },
        "500M": {
            "second": {
                "max": 16220.16,
                "p50": 15872.0,
                "p95": 16212.992,
                "p99": 16218.7264,
                "min": 15605.76,
                "count": 8
            },
            "first": {
                "max": 16209.92,
                "p50": 16128.0,
                "p95": 16195.583999999999,
                "p99": 16207.0528,
                "min": 15677.44,
                "count": 8
            }
        }
    },
    "erigon": {
        "500M": {
            "first": {
                "max": 14909.44,
                "p50": 13004.8,
                "p95": 14841.344,
                "p99": 14895.8208,
                "min": 12707.84,
                "count": 8
            },
            "second": {
                "max": 75.89,
                "p50": 74.475,
                "p95": 75.6835,
                "p99": 75.8487,
                "min": 69.89,
                "count": 8
            }
        },
        "1000M": {
            "first": {
                "max": 28641.28,
                "p50": 25809.92,
                "p95": 28171.775999999998,
                "p99": 28547.3792,
                "min": 24145.92,
                "count": 8
            },
            "second": {
                "max": 77.11,
                "p50": 73.41,
                "p95": 76.319,
                "p99": 76.95179999999999,
                "min": 70.39,
                "count": 8
            }
        }
    },
    "geth": {
        "500M": {
            "second": {
                "max": 52.03,
                "p50": 47.879999999999995,
                "p95": 51.421,
                "p99": 51.9082,
                "min": 44.57,
                "count": 8
            },
            "first": {
                "max": 28139.52,
                "p50": 27745.28,
                "p95": 28114.432,
                "p99": 28134.5024,
                "min": 25456.64,
                "count": 8
            }
        },
        "1000M": {
            "first": {
                "max": 58982.4,
                "p50": 58726.4,
                "p95": 58971.648,
                "p99": 58980.2496,
                "min": 51476.48,
                "count": 8
            },
            "second": {
                "max": 48.01,
                "p50": 45.58,
                "p95": 47.498999999999995,
                "p99": 47.907799999999995,
                "min": 43.7,
                "count": 8
            }
        }
    },
    "reth": {
        "500M": {
            "first": {
                "max": 6780.928,
                "p50": 5969.92,
                "p95": 6738.636799999999,
                "p99": 6772.46976,
                "min": 5285.888,
                "count": 8
            },
            "second": {
                "max": 2459.648,
                "p50": 2459.648,
                "p95": 2459.648,
                "p99": 2459.648,
                "min": 2459.648,
                "count": 8
            }
        },
        "1000M": {
            "second": {
                "max": 3638.272,
                "p50": 3630.08,
                "p95": 3637.1967999999997,
                "p99": 3638.05696,
                "min": 3602.432,
                "count": 8
            },
            "first": {
                "max": 14243.84,
                "p50": 14233.6,
                "p95": 14243.84,
                "p99": 14243.84,
                "min": 14182.4,
                "count": 8
            }
        }
    }
}