{
    "besu": {
        "1000M": {
            "second": {
                "max": 45301.76,
                "p50": 45219.84,
                "p95": 45291.008,
                "p99": 45299.6096,
                "min": 45035.52,
                "count": 8
            },
            "first": {
                "max": 45322.24,
                "p50": 45230.08,
                "p95": 45297.151999999995,
                "p99": 45317.2224,
                "min": 45107.2,
                "count": 8
            }
        }
    },
    "nethermind": {
        "1000M": {
            "second": {
                "max": 31488.0,
                "p50": 27704.32,
                "p95": 30319.615999999998,
                "p99": 31254.3232,
                "min": 27248.64,
                "count": 8
            },
            "first": {
                "max": 31139.84,
                "p50": 29424.64,
                "p95": 31136.256,
                "p99": 31139.1232,
                "min": 27576.32,
                "count": 8
            }
        }
    },
    "erigon": {
        "1000M": {
            "first": {
                "max": 27146.24,
                "p50": 24488.96,
                "p95": 27063.808,
                "p99": 27129.7536,
                "min": 23726.08,
                "count": 8
            },
            "second": {
                "max": 77.81,
                "p50": 72.75999999999999,
                "p95": 76.5395,
                "p99": 77.55590000000001,
                "min": 71.15,
                "count": 8
            }
        }
    },
    "geth": {
        "1000M": {
            "first": {
                "max": 42813.44,
                "p50": 40504.32,
                "p95": 42777.6,
                "p99": 42806.272000000004,
                "min": 39782.4,
                "count": 8
            },
            "second": {
                "max": 49.88,
                "p50": 46.95,
                "p95": 49.1485,
                "p99": 49.7337,
                "min": 44.57,
                "count": 8
            }
        }
    },
    "reth": {
        "1000M": {
            "second": {
                "max": 3696.64,
                "p50": 3673.0879999999997,
                "p95": 3691.9808,
                "p99": 3695.7081599999997,
                "min": 3647.488,
                "count": 8
            },
            "first": {
                "max": 15595.52,
                "p50": 15544.32,
                "p95": 15591.936,
                "p99": 15594.8032,
                "min": 15452.16,
                "count": 8
            }
        }
    }
}