{
    "besu": {
        "1000M": {
            "second": {
                "max": 45312.0,
                "p50": 45173.759999999995,
                "p95": 45283.328,
                "p99": 45306.2656,
                "min": 45076.48,
                "count": 8
            },
            "first": {
                "max": 45291.52,
                "p50": 45214.72,
                "p95": 45273.6,
                "p99": 45287.935999999994,
                "min": 45158.4,
                "count": 8
            }
        }
    },
    "erigon": {
        "1000M": {
            "first": {
                "max": 28139.52,
                "p50": 23582.72,
                "p95": 28132.352,
                "p99": 28138.0864,
                "min": 23101.44,
                "count": 8
            },
            "second": {
                "max": 75.3,
                "p50": 73.82,
                "p95": 75.15299999999999,
                "p99": 75.2706,
                "min": 68.29,
                "count": 8
            }
        }
    },
    "geth": {
        "1000M": {
            "first": {
                "max": 59473.92,
                "p50": -1.0,
                "p95": 38657.69799999997,
                "p99": 55310.67559999998,
                "min": -1.0,
                "count": 8
            },
            "second": {
                "max": 50.92,
                "p50": 50.92,
                "p95": 50.92,
                "p99": 50.92,
                "min": 50.92,
                "count": 1
            }
        }
    },
    "reth": {
        "1000M": {
            "second": {
                "max": 3707.904,
                "p50": 3686.4,
                "p95": 3703.9616,
                "p99": 3707.11552,
                "min": 3641.344,
                "count": 8
            },
            "first": {
                "max": 15738.88,
                "p50": 15605.76,
                "p95": 15695.872,
                "p99": 15730.2784,
                "min": 15390.72,
                "count": 8
            }
        }
    },
    "nethermind": {
        "1000M": {
            "first": {
                "max": -1.0,
                "p50": -1.0,
                "p95": -1.0,
                "p99": -1.0,
                "min": -1.0,
                "count": 8
            }
        }
    }
}