{
    "besu": {
        "1000M": {
            "second": {
                "max": 45342.72,
                "p50": 45209.600000000006,
                "p95": 45321.216,
                "p99": 45338.419200000004,
                "min": 45086.72,
                "count": 8
            },
            "first": {
                "max": 45312.0,
                "p50": 45224.96,
                "p95": 45290.496,
                "p99": 45307.6992,
                "min": 45045.76,
                "count": 8
            }
        }
    },
    "nethermind": {
        "1000M": {
            "second": {
                "max": 28057.6,
                "p50": 27499.52,
                "p95": 28036.095999999998,
                "p99": 28053.299199999998,
                "min": 27299.84,
                "count": 8
            },
            "first": {
                "max": 27965.44,
                "p50": 27192.32,
                "p95": 27804.16,
                "p99": 27933.183999999997,
                "min": 22231.04,
                "count": 8
            }
        }
    },
    "erigon": {
        "1000M": {
            "first": {
                "max": 27176.96,
                "p50": 25415.68,
                "p95": 27087.36,
                "p99": 27159.04,
                "min": 23869.44,
                "count": 8
            },
            "second": {
                "max": 73.98,
                "p50": 71.655,
                "p95": 73.406,
                "p99": 73.8652,
                "min": 70.91,
                "count": 8
            }
        }
    },
    "geth": {
        "1000M": {
            "first": {
                "max": 44001.28,
                "p50": 40253.44,
                "p95": 43886.592,
                "p99": 43978.3424,
                "min": 39403.52,
                "count": 8
            },
            "second": {
                "max": 47.13,
                "p50": 46.66,
                "p95": 47.039,
                "p99": 47.1118,
                "min": 43.68,
                "count": 8
            }
        }
    },
    "reth": {
        "1000M": {
            "second": {
                "max": 3695.616,
                "p50": 3670.016,
                "p95": 3692.7488,
                "p99": 3695.04256,
                "min": 3628.032,
                "count": 8
            },
            "first": {
                "max": 16855.04,
                "p50": 16163.84,
                "p95": 16855.04,
                "p99": 16855.04,
                "min": 15462.4,
                "count": 8
            }
        }
    }
}