{
    "besu": {
        "1000M": {
            "second": {
                "max": 45301.76,
                "p50": 45194.240000000005,
                "p95": 45276.672,
                "p99": 45296.7424,
                "min": 44963.84,
                "count": 8
            },
            "first": {
                "max": 45199.36,
                "p50": 45173.759999999995,
                "p95": 45199.36,
                "p99": 45199.36,
                "min": 45096.96,
                "count": 8
            }
        }
    },
    "nethermind": {
        "1000M": {
            "second": {
                "max": 28794.88,
                "p50": 26880.0,
                "p95": 28773.376,
                "p99": 28790.5792,
                "min": 26112.0,
                "count": 8
            },
            "first": {
                "max": 28733.44,
                "p50": 27612.16,
                "p95": 28704.768,
                "p99": 28727.705599999998,
                "min": 26214.4,
                "count": 8
            }
        }
    },
    "erigon": {
        "1000M": {
            "first": {
                "max": 28989.44,
                "p50": 24908.8,
                "p95": 28408.832,
                "p99": 28873.3184,
                "min": 23644.16,
                "count": 8
            },
            "second": {
                "max": 74.92,
                "p50": 73.555,
                "p95": 74.864,
                "p99": 74.9088,
                "min": 70.3,
                "count": 8
            }
        }
    },
    "geth": {
        "1000M": {
            "first": {
                "max": 59504.64,
                "p50": 58685.44,
                "p95": 59364.864,
                "p99": 59476.6848,
                "min": 51189.76,
                "count": 8
            },
            "second": {
                "max": 49.25,
                "p50": 46.045,
                "p95": 49.2255,
                "p99": 49.2451,
                "min": 41.44,
                "count": 8
            }
        }
    },
    "reth": {
        "1000M": {
            "second": {
                "max": 3641.344,
                "p50": 3610.624,
                "p95": 3638.8352,
                "p99": 3640.84224,
                "min": 3603.456,
                "count": 8
            },
            "first": {
                "max": 14243.84,
                "p50": 14233.6,
                "p95": 14243.84,
                "p99": 14243.84,
                "min": 14090.24,
                "count": 8
            }
        }
    }
}