{
    "besu": {
        "500M": {
            "second": {
                "max": 36751.36,
                "p50": 36485.119999999995,
                "p95": 36744.192,
                "p99": 36749.926400000004,
                "min": 36177.92,
                "count": 8
            },
            "first": {
                "max": 37089.28,
                "p50": 36454.399999999994,
                "p95": 37074.943999999996,
                "p99": 37086.4128,
                "min": 35706.88,
                "count": 8
            }
        },
        "1000M": {
            "second": {
                "max": 45312.0,
                "p50": 45214.72,
                "p95": 45286.912,
                "p99": 45306.9824,
                "min": 45158.4,
                "count": 8
            },
            "first": {
                "max": 45291.52,
                "p50": 45214.72,
                "p95": 45277.183999999994,
                "p99": 45288.652799999996,
                "min": 45117.44,
                "count": 8
            }
        }
    },
    "nethermind": {
        "1000M": {
            "second": {
                "max": 28712.96,
                "p50": 27156.48,
                "p95": 28293.631999999998,
                "p99": 28629.094399999998,
                "min": 26152.96,
                "count": 8
            },
            "first": {
                "max": 28436.48,
                "p50": 27351.04,
                "p95": 28393.471999999998,
                "p99": 28427.878399999998,
                "min": 26040.32,
                "count": 8
            }
        },
        "500M": {
            "second": {
                "max": 16220.16,
                "p50": 15872.0,
                "p95": 16212.992,
                "p99": 16218.7264,
                "min": 15605.76,
                "count": 8
            },
            "first": {
                "max": 16209.92,
                "p50": 16128.0,
                "p95": 16195.583999999999,
                "p99": 16207.0528,
                "min": 15677.44,
                "count": 8
            }
        }
    },
    "erigon": {
        "500M": {
            "first": {
                "max": -1.0,
                "p50": -1.0,
                "p95": -1.0,
                "p99": -1.0,
                "min": -1.0,
                "count": 8
            }
        },
        "1000M": {
            "first": {
                "max": -1.0,
                "p50": -1.0,
                "p95": -1.0,
                "p99": -1.0,
                "min": -1.0,
                "count": 8
            }
        }
    },
    "geth": {
        "500M": {
            "second": {
                "max": 52.03,
                "p50": 47.879999999999995,
                "p95": 51.421,
                "p99": 51.9082,
                "min": 44.57,
                "count": 8
            },
            "first": {
                "max": 28139.52,
                "p50": 27745.28,
                "p95": 28114.432,
                "p99": 28134.5024,
                "min": 25456.64,
                "count": 8
            }
        },
        "1000M": {
            "first": {
                "max": 58982.4,
                "p50": 58726.4,
                "p95": 58971.648,
                "p99": 58980.2496,
                "min": 51476.48,
                "count": 8
            },
            "second": {
                "max": 48.01,
                "p50": 45.58,
                "p95": 47.498999999999995,
                "p99": 47.907799999999995,
                "min": 43.7,
                "count": 8
            }
        }
    },
    "reth": {
        "500M": {
            "first": {
                "max": 6780.928,
                "p50": 5969.92,
                "p95": 6738.636799999999,
                "p99": 6772.46976,
                "min": 5285.888,
                "count": 8
            },
            "second": {
                "max": 2459.648,
                "p50": 2459.648,
                "p95": 2459.648,
                "p99": 2459.648,
                "min": 2459.648,
                "count": 8
            }
        },
        "1000M": {
            "second": {
                "max": 3638.272,
                "p50": 3630.08,
                "p95": 3637.1967999999997,
                "p99": 3638.05696,
                "min": 3602.432,
                "count": 8
            },
            "first": {
                "max": 14243.84,
                "p50": 14233.6,
                "p95": 14243.84,
                "p99": 14243.84,
                "min": 14182.4,
                "count": 8
            }
        }
    }
}