{
    "besu": {
        "1000M": {
            "second": {
                "max": 45271.04,
                "p50": 45173.759999999995,
                "p95": 45267.456,
                "p99": 45270.3232,
                "min": 44974.08,
                "count": 8
            },
            "first": {
                "max": 45271.04,
                "p50": 45194.24,
                "p95": 45256.704,
                "p99": 45268.1728,
                "min": 45127.68,
                "count": 8
            }
        }
    },
    "nethermind": {
        "1000M": {
            "second": {
                "max": 31160.32,
                "p50": 27888.64,
                "p95": 31056.384,
                "p99": 31139.5328,
                "min": 27658.24,
                "count": 8
            },
            "first": {
                "max": 30976.0,
                "p50": 27750.4,
                "p95": 29993.984,
                "p99": 30779.5968,
                "min": 27586.56,
                "count": 8
            }
        }
    },
    "erigon": {
        "1000M": {
            "first": {
                "max": 24279.04,
                "p50": 23685.12,
                "p95": 24264.704,
                "p99": 24276.1728,
                "min": 23173.12,
                "count": 8
            },
            "second": {
                "max": 74.49,
                "p50": 72.18,
                "p95": 74.12599999999999,
                "p99": 74.4172,
                "min": 66.72,
                "count": 8
            }
        }
    },
    "geth": {
        "1000M": {
            "first": {
                "max": 42752.0,
                "p50": 40074.24,
                "p95": 42594.304000000004,
                "p99": 42720.4608,
                "min": 39802.88,
                "count": 8
            },
            "second": {
                "max": 49.18,
                "p50": 47.17,
                "p95": 49.103,
                "p99": 49.1646,
                "min": 44.61,
                "count": 8
            }
        }
    },
    "reth": {
        "1000M": {
            "second": {
                "max": 3714.048,
                "p50": 3676.16,
                "p95": 3712.6144,
                "p99": 3713.7612799999997,
                "min": 3649.536,
                "count": 8
            },
            "first": {
                "max": 15472.64,
                "p50": 15416.32,
                "p95": 15461.887999999999,
                "p99": 15470.489599999999,
                "min": 15370.24,
                "count": 8
            }
        }
    }
}