{
    "besu": {
        "1000M": {
            "second": {
                "max": 45240.32,
                "p50": 45184.0,
                "p95": 45233.152,
                "p99": 45238.8864,
                "min": 45045.76,
                "count": 8
            },
            "first": {
                "max": 45240.32,
                "p50": 45184.0,
                "p95": 45233.152,
                "p99": 45238.8864,
                "min": 45056.0,
                "count": 8
            }
        }
    },
    "nethermind": {
        "1000M": {
            "second": {
                "max": 31242.24,
                "p50": 29475.84,
                "p95": 31192.064000000002,
                "p99": 31232.204800000003,
                "min": 27555.84,
                "count": 8
            },
            "first": {
                "max": 31006.72,
                "p50": 28001.28,
                "p95": 30963.712,
                "p99": 30998.1184,
                "min": 27729.92,
                "count": 8
            }
        }
    },
    "erigon": {
        "1000M": {
            "first": {
                "max": 26439.68,
                "p50": 23388.160000000003,
                "p95": 26242.56,
                "p99": 26400.256,
                "min": 22650.88,
                "count": 8
            },
            "second": {
                "max": 75.76,
                "p50": 73.36500000000001,
                "p95": 75.053,
                "p99": 75.6186,
                "min": 66.22,
                "count": 8
            }
        }
    },
    "geth": {
        "1000M": {
            "first": {
                "max": 42680.32,
                "p50": 40376.32,
                "p95": 42579.968,
                "p99": 42660.2496,
                "min": 39833.6,
                "count": 8
            },
            "second": {
                "max": 51.86,
                "p50": 47.215,
                "p95": 51.7375,
                "p99": 51.835499999999996,
                "min": 41.53,
                "count": 8
            }
        }
    },
    "reth": {
        "1000M": {
            "second": {
                "max": 3705.856,
                "p50": 3675.136,
                "p95": 3704.7808,
                "p99": 3705.64096,
                "min": 3642.368,
                "count": 8
            },
            "first": {
                "max": 15595.52,
                "p50": 15370.24,
                "p95": 15538.176,
                "p99": 15584.0512,
                "min": 14786.56,
                "count": 8
            }
        }
    }
}