{
    "besu": {
        "1000M": {
            "second": {
                "max": 45219.84,
                "p50": 45194.24,
                "p95": 45216.255999999994,
                "p99": 45219.123199999995,
                "min": 45096.96,
                "count": 8
            },
            "first": {
                "max": 45342.72,
                "p50": 45204.479999999996,
                "p95": 45306.88,
                "p99": 45335.552,
                "min": 45148.16,
                "count": 8
            }
        }
    },
    "erigon": {
        "1000M": {
            "first": {
                "max": 28897.28,
                "p50": 28134.4,
                "p95": 28761.088,
                "p99": 28870.0416,
                "min": 24616.96,
                "count": 8
            },
            "second": {
                "max": 74.42,
                "p50": 73.12,
                "p95": 74.315,
                "p99": 74.399,
                "min": 69.21,
                "count": 8
            }
        }
    },
    "geth": {
        "1000M": {
            "first": {
                "max": 61040.64,
                "p50": 58670.08,
                "p95": 60581.888,
                "p99": 60948.8896,
                "min": 52490.24,
                "count": 8
            },
            "second": {
                "max": 49.79,
                "p50": 46.25,
                "p95": 49.355999999999995,
                "p99": 49.703199999999995,
                "min": 43.03,
                "count": 8
            }
        }
    },
    "reth": {
        "1000M": {
            "second": {
                "max": 3678.208,
                "p50": 3662.848,
                "p95": 3676.7744000000002,
                "p99": 3677.92128,
                "min": 3640.32,
                "count": 8
            },
            "first": {
                "max": 14243.84,
                "p50": 14202.880000000001,
                "p95": 14240.256,
                "p99": 14243.1232,
                "min": 14018.56,
                "count": 8
            }
        }
    },
    "nethermind": {
        "1000M": {
            "first": {
                "max": -1.0,
                "p50": -1.0,
                "p95": -1.0,
                "p99": -1.0,
                "min": -1.0,
                "count": 8
            }
        }
    }
}