{
    "besu": {
        "1000M": {
            "second": {
                "max": 45260.8,
                "p50": 45199.36,
                "p95": 45257.216,
                "p99": 45260.0832,
                "min": 45178.88,
                "count": 8
            },
            "first": {
                "max": 45260.8,
                "p50": 45173.759999999995,
                "p95": 45250.048,
                "p99": 45258.649600000004,
                "min": 45076.48,
                "count": 8
            }
        }
    },
    "nethermind": {
        "1000M": {
            "second": {
                "max": 30146.56,
                "p50": 27345.92,
                "p95": 29598.208,
                "p99": 30036.889600000002,
                "min": 26183.68,
                "count": 8
            },
            "first": {
                "max": 28661.76,
                "p50": 27407.36,
                "p95": 28256.767999999996,
                "p99": 28580.761599999998,
                "min": 26050.56,
                "count": 8
            }
        }
    },
    "erigon": {
        "1000M": {
            "first": {
                "max": 28549.12,
                "p50": 25011.199999999997,
                "p95": 27595.775999999998,
                "p99": 28358.4512,
                "min": 23971.84,
                "count": 8
            },
            "second": {
                "max": 75.96,
                "p50": 72.85,
                "p95": 75.55749999999999,
                "p99": 75.8795,
                "min": 70.18,
                "count": 8
            }
        }
    },
    "geth": {
        "1000M": {
            "first": {
                "max": 60200.96,
                "p50": 58967.04,
                "p95": 59975.168,
                "p99": 60155.8016,
                "min": 56545.28,
                "count": 8
            },
            "second": {
                "max": 48.32,
                "p50": 46.754999999999995,
                "p95": 48.131,
                "p99": 48.2822,
                "min": 44.66,
                "count": 8
            }
        }
    },
    "reth": {
        "1000M": {
            "second": {
                "max": 3633.152,
                "p50": 3623.424,
                "p95": 3631.36,
                "p99": 3632.7936,
                "min": 3598.336,
                "count": 8
            },
            "first": {
                "max": 14243.84,
                "p50": 14233.6,
                "p95": 14243.84,
                "p99": 14243.84,
                "min": 14131.2,
                "count": 8
            }
        }
    }
}