{
    "besu": {
        "1000M": {
            "second": {
                "max": 45291.52,
                "p50": 45214.72,
                "p95": 45284.352,
                "p99": 45290.0864,
                "min": 45189.12,
                "count": 8
            },
            "first": {
                "max": 45301.76,
                "p50": 45209.6,
                "p95": 45291.008,
                "p99": 45299.6096,
                "min": 44974.08,
                "count": 8
            }
        }
    },
    "nethermind": {
        "1000M": {
            "second": {
                "max": 27883.52,
                "p50": 27438.08,
                "p95": 27761.664,
                "p99": 27859.1488,
                "min": 24043.52,
                "count": 8
            },
            "first": {
                "max": 27914.24,
                "p50": 27176.96,
                "p95": 27785.216,
                "p99": 27888.4352,
                "min": 22947.84,
                "count": 8
            }
        }
    },
    "erigon": {
        "1000M": {
            "first": {
                "max": 27166.72,
                "p50": 24673.28,
                "p95": 27080.704,
                "p99": 27149.5168,
                "min": 23234.56,
                "count": 8
            },
            "second": {
                "max": 74.83,
                "p50": 72.91,
                "p95": 74.3085,
                "p99": 74.7257,
                "min": 71.53,
                "count": 8
            }
        }
    },
    "geth": {
        "1000M": {
            "first": {
                "max": 44830.72,
                "p50": 40719.36,
                "p95": 43658.752,
                "p99": 44596.3264,
                "min": 39710.72,
                "count": 8
            },
            "second": {
                "max": 47.97,
                "p50": 47.295,
                "p95": 47.942,
                "p99": 47.9644,
                "min": 42.57,
                "count": 8
            }
        }
    },
    "reth": {
        "1000M": {
            "second": {
                "max": 3694.592,
                "p50": 3676.16,
                "p95": 3691.3664000000003,
                "p99": 3693.94688,
                "min": 3645.44,
                "count": 8
            },
            "first": {
                "max": 16865.28,
                "p50": 16645.12,
                "p95": 16865.28,
                "p99": 16865.28,
                "min": 15452.16,
                "count": 8
            }
        }
    }
}