{
    "besu": {
        "500M": {
            "second": {
                "max": 39434.24,
                "p50": 39229.44,
                "p95": 39412.736,
                "p99": 39429.9392,
                "min": 33894.4,
                "count": 8
            },
            "first": {
                "max": 39424.0,
                "p50": 39260.16,
                "p95": 39424.0,
                "p99": 39424.0,
                "min": 33996.8,
                "count": 8
            }
        },
        "1000M": {
            "first": {
                "max": 34334.72,
                "p50": 34304.0,
                "p95": 34334.72,
                "p99": 34334.72,
                "min": 34232.32,
                "count": 8
            }
        }
    },
    "nethermind": {
        "1000M": {
            "second": {
                "max": 28743.68,
                "p50": 27335.68,
                "p95": 28614.656,
                "p99": 28717.8752,
                "min": 26193.92,
                "count": 8
            },
            "first": {
                "max": 28682.24,
                "p50": 26362.879999999997,
                "p95": 28667.904000000002,
                "p99": 28679.3728,
                "min": 25733.12,
                "count": 8
            }
        },
        "500M": {
            "second": {
                "max": 16250.88,
                "p50": 16168.96,
                "p95": 16240.127999999999,
                "p99": 16248.729599999999,
                "min": 15677.44,
                "count": 8
            },
            "first": {
                "max": 16199.68,
                "p50": 15692.8,
                "p95": 16199.68,
                "p99": 16199.68,
                "min": 15616.0,
                "count": 8
            }
        }
    },
    "erigon": {
        "500M": {
            "first": {
                "max": 15912.96,
                "p50": 12994.56,
                "p95": 15429.119999999999,
                "p99": 15816.192,
                "min": 12410.88,
                "count": 8
            },
            "second": {
                "max": 73.12,
                "p50": 70.22,
                "p95": 73.06400000000001,
                "p99": 73.1088,
                "min": 67.01,
                "count": 8
            }
        },
        "1000M": {
            "first": {
                "max": 30863.36,
                "p50": 23695.36,
                "p95": 29358.079999999998,
                "p99": 30562.304,
                "min": 22763.52,
                "count": 8
            },
            "second": {
                "max": 72.96,
                "p50": 70.75999999999999,
                "p95": 72.862,
                "p99": 72.9404,
                "min": 68.74,
                "count": 8
            }
        }
    },
    "geth": {
        "500M": {
            "second": {
                "max": 50.46,
                "p50": 47.385000000000005,
                "p95": 50.089,
                "p99": 50.3858,
                "min": 43.55,
                "count": 8
            },
            "first": {
                "max": 29706.24,
                "p50": 26521.6,
                "p95": 29096.96,
                "p99": 29584.384000000002,
                "min": 24811.52,
                "count": 8
            }
        },
        "1000M": {
            "first": {
                "max": 59494.4,
                "p50": 54553.6,
                "p95": 58981.888,
                "p99": 59391.897600000004,
                "min": 50288.64,
                "count": 8
            },
            "second": {
                "max": 53.68,
                "p50": 47.265,
                "p95": 51.943999999999996,
                "p99": 53.3328,
                "min": 44.65,
                "count": 8
            }
        }
    },
    "reth": {
        "500M": {
            "first": {
                "max": 11376.64,
                "p50": 11054.08,
                "p95": 11373.055999999999,
                "p99": 11375.9232,
                "min": 10496.0,
                "count": 8
            },
            "second": {
                "max": 4300.8,
                "p50": 4300.2880000000005,
                "p95": 4300.8,
                "p99": 4300.8,
                "min": 4071.424,
                "count": 8
            }
        },
        "1000M": {
            "second": {
                "max": 6800.384,
                "p50": 6754.304,
                "p95": 6792.8576,
                "p99": 6798.87872,
                "min": 6743.04,
                "count": 8
            },
            "first": {
                "max": 22630.4,
                "p50": 22118.4,
                "p95": 22576.64,
                "p99": 22619.648,
                "min": 21913.6,
                "count": 8
            }
        }
    }
}