{
    "besu": {
        "1000M": {
            "second": {
                "max": 45219.84,
                "p50": 45168.64,
                "p95": 45212.672,
                "p99": 45218.4064,
                "min": 45025.28,
                "count": 8
            },
            "first": {
                "max": 45260.8,
                "p50": 45194.24,
                "p95": 45253.632000000005,
                "p99": 45259.366400000006,
                "min": 45076.48,
                "count": 8
            }
        }
    },
    "nethermind": {
        "1000M": {
            "second": {
                "max": 28712.96,
                "p50": 27176.96,
                "p95": 28705.791999999998,
                "p99": 28711.5264,
                "min": 26337.28,
                "count": 8
            },
            "first": {
                "max": 31682.56,
                "p50": 27386.88,
                "p95": 31159.296,
                "p99": 31577.9072,
                "min": 26306.56,
                "count": 8
            }
        }
    },
    "erigon": {
        "1000M": {
            "first": {
                "max": 26787.84,
                "p50": 24627.2,
                "p95": 26411.52,
                "p99": 26712.576,
                "min": 23941.12,
                "count": 8
            },
            "second": {
                "max": 75.28,
                "p50": 72.965,
                "p95": 74.9545,
                "p99": 75.2149,
                "min": 68.87,
                "count": 8
            }
        }
    },
    "geth": {
        "1000M": {
            "first": {
                "max": 59269.12,
                "p50": 55193.6,
                "p95": 59244.032,
                "p99": 59264.1024,
                "min": 52377.6,
                "count": 8
            },
            "second": {
                "max": 48.14,
                "p50": 47.114999999999995,
                "p95": 48.1225,
                "p99": 48.1365,
                "min": 42.52,
                "count": 8
            }
        }
    },
    "reth": {
        "1000M": {
            "second": {
                "max": 3630.08,
                "p50": 3618.816,
                "p95": 3629.0047999999997,
                "p99": 3629.86496,
                "min": 3585.024,
                "count": 8
            },
            "first": {
                "max": 14233.6,
                "p50": 14223.36,
                "p95": 14233.6,
                "p99": 14233.6,
                "min": 14080.0,
                "count": 8
            }
        }
    }
}