{
    "besu": {
        "500M": {
            "second": {
                "max": 39413.76,
                "p50": 39280.64,
                "p95": 39413.76,
                "p99": 39413.76,
                "min": 33935.36,
                "count": 8
            },
            "first": {
                "max": 39372.8,
                "p50": 39265.28,
                "p95": 39365.632000000005,
                "p99": 39371.366400000006,
                "min": 33935.36,
                "count": 8
            }
        },
        "1000M": {
            "first": {
                "max": -1.0,
                "p50": -1.0,
                "p95": -1.0,
                "p99": -1.0,
                "min": -1.0,
                "count": 8
            }
        }
    },
    "nethermind": {
        "1000M": {
            "second": {
                "max": 30464.0,
                "p50": 26844.16,
                "p95": 29894.144,
                "p99": 30350.0288,
                "min": 26060.8,
                "count": 8
            },
            "first": {
                "max": 28723.2,
                "p50": 27499.52,
                "p95": 28662.272,
                "p99": 28711.0144,
                "min": 26296.32,
                "count": 8
            }
        },
        "500M": {
            "second": {
                "max": 16046.08,
                "p50": 15738.88,
                "p95": 15977.984,
                "p99": 16032.4608,
                "min": 15636.48,
                "count": 8
            },
            "first": {
                "max": 16250.88,
                "p50": 15728.64,
                "p95": 16236.544,
                "p99": 16248.012799999999,
                "min": 15575.04,
                "count": 8
            }
        }
    },
    "erigon": {
        "500M": {
            "first": {
                "max": 14530.56,
                "p50": 12928.0,
                "p95": 14423.039999999999,
                "p99": 14509.055999999999,
                "min": 12421.12,
                "count": 8
            },
            "second": {
                "max": 74.96,
                "p50": 72.525,
                "p95": 74.59599999999999,
                "p99": 74.88719999999999,
                "min": 69.78,
                "count": 8
            }
        },
        "1000M": {
            "first": {
                "max": 26818.56,
                "p50": 23818.239999999998,
                "p95": 25911.808,
                "p99": 26637.209600000002,
                "min": 23142.4,
                "count": 8
            },
            "second": {
                "max": 73.44,
                "p50": 70.96000000000001,
                "p95": 73.3175,
                "p99": 73.4155,
                "min": 67.69,
                "count": 8
            }
        }
    },
    "geth": {
        "500M": {
            "second": {
                "max": 53.71,
                "p50": 47.489999999999995,
                "p95": 52.268,
                "p99": 53.4216,
                "min": 44.43,
                "count": 8
            },
            "first": {
                "max": 29347.84,
                "p50": 27755.52,
                "p95": 29168.64,
                "p99": 29312.0,
                "min": 25896.96,
                "count": 8
            }
        },
        "1000M": {
            "first": {
                "max": 59402.24,
                "p50": 55900.16,
                "p95": 58689.024,
                "p99": 59259.5968,
                "min": 50360.32,
                "count": 8
            },
            "second": {
                "max": 49.03,
                "p50": 47.17,
                "p95": 48.652,
                "p99": 48.9544,
                "min": 44.2,
                "count": 8
            }
        }
    },
    "reth": {
        "500M": {
            "first": {
                "max": 11530.24,
                "p50": 10992.64,
                "p95": 11508.735999999999,
                "p99": 11525.939199999999,
                "min": 10577.92,
                "count": 8
            },
            "second": {
                "max": 4299.776,
                "p50": 4298.752,
                "p95": 4299.776,
                "p99": 4299.776,
                "min": 4069.376,
                "count": 8
            }
        },
        "1000M": {
            "second": {
                "max": 6800.384,
                "p50": 6777.344,
                "p95": 6796.4416,
                "p99": 6799.59552,
                "min": 6761.472,
                "count": 8
            },
            "first": {
                "max": 22702.08,
                "p50": 21985.28,
                "p95": 22551.552,
                "p99": 22671.974400000003,
                "min": 21678.08,
                "count": 8
            }
        }
    }
}