{
    "besu": {
        "1000M": {
            "second": {
                "max": 45260.8,
                "p50": 45184.0,
                "p95": 45246.464,
                "p99": 45257.9328,
                "min": 45056.0,
                "count": 8
            },
            "first": {
                "max": 45271.04,
                "p50": 45214.72,
                "p95": 45260.288,
                "p99": 45268.8896,
                "min": 44994.56,
                "count": 8
            }
        }
    },
    "nethermind": {
        "1000M": {
            "second": {
                "max": 28682.24,
                "p50": 28334.08,
                "p95": 28667.904000000002,
                "p99": 28679.3728,
                "min": 24002.56,
                "count": 8
            },
            "first": {
                "max": 29091.84,
                "p50": 27330.559999999998,
                "p95": 28625.92,
                "p99": 28998.656,
                "min": 22784.0,
                "count": 8
            }
        }
    },
    "erigon": {
        "1000M": {
            "first": {
                "max": 27166.72,
                "p50": 27038.72,
                "p95": 27166.72,
                "p99": 27166.72,
                "min": 23296.0,
                "count": 8
            },
            "second": {
                "max": 75.05,
                "p50": 72.345,
                "p95": 74.3395,
                "p99": 74.9079,
                "min": 70.45,
                "count": 8
            }
        }
    },
    "geth": {
        "1000M": {
            "first": {
                "max": 43438.08,
                "p50": 40294.4,
                "p95": 42696.192,
                "p99": 43289.7024,
                "min": 39127.04,
                "count": 8
            },
            "second": {
                "max": 51.52,
                "p50": 48.4,
                "p95": 51.0055,
                "p99": 51.417100000000005,
                "min": 47.3,
                "count": 8
            }
        }
    },
    "reth": {
        "1000M": {
            "second": {
                "max": 3684.352,
                "p50": 3662.3360000000002,
                "p95": 3683.6351999999997,
                "p99": 3684.20864,
                "min": 3640.32,
                "count": 8
            },
            "first": {
                "max": 16855.04,
                "p50": 16368.64,
                "p95": 16855.04,
                "p99": 16855.04,
                "min": 15462.4,
                "count": 8
            }
        }
    }
}