{
    "besu": {
        "1000M": {
            "second": {
                "max": 45230.08,
                "p50": 45214.72,
                "p95": 45226.496,
                "p99": 45229.3632,
                "min": 45086.72,
                "count": 8
            },
            "first": {
                "max": 45281.28,
                "p50": 45219.84,
                "p95": 45266.943999999996,
                "p99": 45278.4128,
                "min": 45086.72,
                "count": 8
            }
        }
    },
    "erigon": {
        "1000M": {
            "first": {
                "max": 31365.12,
                "p50": 25615.36,
                "p95": 30461.951999999997,
                "p99": 31184.486399999998,
                "min": 24053.76,
                "count": 8
            },
            "second": {
                "max": 74.82,
                "p50": 73.0,
                "p95": 74.6835,
                "p99": 74.7927,
                "min": 68.16,
                "count": 8
            }
        }
    },
    "geth": {
        "1000M": {
            "first": {
                "max": 59627.52,
                "p50": 59151.36,
                "p95": 59580.928,
                "p99": 59618.2016,
                "min": 57303.04,
                "count": 8
            },
            "second": {
                "max": 50.55,
                "p50": 47.605000000000004,
                "p95": 50.087999999999994,
                "p99": 50.4576,
                "min": 45.15,
                "count": 8
            }
        }
    },
    "reth": {
        "1000M": {
            "second": {
                "max": 3673.088,
                "p50": 3653.12,
                "p95": 3669.1456000000003,
                "p99": 3672.29952,
                "min": 3629.056,
                "count": 8
            },
            "first": {
                "max": 14243.84,
                "p50": 14167.04,
                "p95": 14236.672,
                "p99": 14242.4064,
                "min": 14049.28,
                "count": 8
            }
        }
    },
    "nethermind": {
        "1000M": {
            "first": {
                "max": -1.0,
                "p50": -1.0,
                "p95": -1.0,
                "p99": -1.0,
                "min": -1.0,
                "count": 8
            }
        }
    }
}