{
    "nethermind": {
        "1000M": {
            "second": {
                "max": 27637.76,
                "p50": 27386.879999999997,
                "p95": 27601.92,
                "p99": 27630.591999999997,
                "min": 26408.96,
                "count": 8
            },
            "first": {
                "max": 28313.6,
                "p50": 26818.56,
                "p95": 28051.968,
                "p99": 28261.273599999997,
                "min": 25978.88,
                "count": 8
            }
        },
        "500M": {
            "second": {
                "max": 16281.6,
                "p50": 16209.92,
                "p95": 16278.016,
                "p99": 16280.8832,
                "min": 15595.52,
                "count": 8
            },
            "first": {
                "max": 16373.76,
                "p50": 15964.16,
                "p95": 16334.336000000001,
                "p99": 16365.8752,
                "min": 15636.48,
                "count": 8
            }
        }
    },
    "erigon": {
        "500M": {
            "first": {
                "max": 14714.88,
                "p50": 12958.720000000001,
                "p95": 14636.032,
                "p99": 14699.1104,
                "min": 12759.04,
                "count": 8
            },
            "second": {
                "max": 72.91,
                "p50": 71.78,
                "p95": 72.72449999999999,
                "p99": 72.8729,
                "min": 69.52,
                "count": 8
            }
        },
        "1000M": {
            "first": {
                "max": 28241.92,
                "p50": 23843.84,
                "p95": 28234.751999999997,
                "p99": 28240.486399999998,
                "min": 22896.64,
                "count": 8
            },
            "second": {
                "max": 74.2,
                "p50": 70.99000000000001,
                "p95": 73.766,
                "p99": 74.1132,
                "min": 67.18,
                "count": 8
            }
        }
    },
    "geth": {
        "500M": {
            "second": {
                "max": 50.8,
                "p50": 47.849999999999994,
                "p95": 50.358999999999995,
                "p99": 50.7118,
                "min": 42.01,
                "count": 8
            },
            "first": {
                "max": 30064.64,
                "p50": 28994.559999999998,
                "p95": 29924.863999999998,
                "p99": 30036.6848,
                "min": 27258.88,
                "count": 8
            }
        },
        "1000M": {
            "first": {
                "max": 58746.88,
                "p50": 57436.16,
                "p95": 58714.623999999996,
                "p99": 58740.428799999994,
                "min": 51609.6,
                "count": 8
            },
            "second": {
                "max": 49.04,
                "p50": 45.875,
                "p95": 49.0365,
                "p99": 49.0393,
                "min": 42.33,
                "count": 8
            }
        }
    },
    "besu": {
        "1000M": {
            "first": {
                "max": 49141.76,
                "p50": 49003.520000000004,
                "p95": 49141.76,
                "p99": 49141.76,
                "min": 48711.68,
                "count": 8
            }
        },
        "500M": {
            "first": {
                "max": 49070.08,
                "p50": 47605.76,
                "p95": 48955.392,
                "p99": 49047.142400000004,
                "min": 44994.56,
                "count": 8
            }
        }
    },
    "reth": {
        "500M": {
            "first": {
                "max": 11407.36,
                "p50": 10977.28,
                "p95": 11357.184000000001,
                "p99": 11397.3248,
                "min": 9434.112,
                "count": 8
            },
            "second": {
                "max": 4300.8,
                "p50": 4299.776,
                "p95": 4300.4416,
                "p99": 4300.72832,
                "min": 4069.376,
                "count": 8
            }
        },
        "1000M": {
            "second": {
                "max": 7397.376,
                "p50": 6790.656000000001,
                "p95": 7190.5792,
                "p99": 7356.01664,
                "min": 6754.304,
                "count": 8
            },
            "first": {
                "max": 22507.52,
                "p50": 22251.52,
                "p95": 22443.008,
                "p99": 22494.6176,
                "min": 21688.32,
                "count": 8
            }
        }
    }
}