{
    "besu": {
        "1000M": {
            "second": {
                "max": 45219.84,
                "p50": 45189.12,
                "p95": 45219.84,
                "p99": 45219.84,
                "min": 45117.44,
                "count": 8
            },
            "first": {
                "max": 45281.28,
                "p50": 45209.6,
                "p95": 45263.36,
                "p99": 45277.695999999996,
                "min": 45189.12,
                "count": 8
            }
        }
    },
    "erigon": {
        "1000M": {
            "first": {
                "max": 26920.96,
                "p50": 24099.84,
                "p95": 26863.615999999998,
                "p99": 26909.4912,
                "min": 23132.16,
                "count": 8
            },
            "second": {
                "max": 75.69,
                "p50": 72.47999999999999,
                "p95": 75.5115,
                "p99": 75.65429999999999,
                "min": 69.2,
                "count": 8
            }
        }
    },
    "geth": {
        "1000M": {
            "first": {
                "max": 57989.12,
                "p50": -1.0,
                "p95": 57476.608,
                "p99": 57886.617600000005,
                "min": -1.0,
                "count": 8
            },
            "second": {
                "max": 48.99,
                "p50": 45.81,
                "p95": 48.672000000000004,
                "p99": 48.9264,
                "min": 43.34,
                "count": 3
            }
        }
    },
    "reth": {
        "1000M": {
            "second": {
                "max": 3672.064,
                "p50": 3661.824,
                "p95": 3670.6304,
                "p99": 3671.77728,
                "min": 3649.536,
                "count": 8
            },
            "first": {
                "max": 15728.64,
                "p50": 15616.0,
                "p95": 15725.055999999999,
                "p99": 15727.9232,
                "min": 15605.76,
                "count": 8
            }
        }
    },
    "nethermind": {
        "1000M": {
            "first": {
                "max": -1.0,
                "p50": -1.0,
                "p95": -1.0,
                "p99": -1.0,
                "min": -1.0,
                "count": 8
            }
        }
    }
}