{
    "besu": {
        "1000M": {
            "second": {
                "max": 45281.28,
                "p50": 45214.72,
                "p95": 45266.943999999996,
                "p99": 45278.4128,
                "min": 45035.52,
                "count": 8
            },
            "first": {
                "max": 45250.56,
                "p50": 45153.28,
                "p95": 45239.808,
                "p99": 45248.4096,
                "min": 45035.52,
                "count": 8
            }
        }
    },
    "nethermind": {
        "1000M": {
            "second": {
                "max": 31098.88,
                "p50": 28098.559999999998,
                "p95": 31063.04,
                "p99": 31091.712,
                "min": 27668.48,
                "count": 8
            },
            "first": {
                "max": 31016.96,
                "p50": 27970.559999999998,
                "p95": 30070.783999999996,
                "p99": 30827.7248,
                "min": 27545.6,
                "count": 8
            }
        }
    },
    "erigon": {
        "1000M": {
            "first": {
                "max": 27176.96,
                "p50": 23987.2,
                "p95": 27169.791999999998,
                "p99": 27175.5264,
                "min": 23326.72,
                "count": 8
            },
            "second": {
                "max": 72.79,
                "p50": 71.805,
                "p95": 72.671,
                "p99": 72.76620000000001,
                "min": 70.94,
                "count": 8
            }
        }
    },
    "geth": {
        "1000M": {
            "first": {
                "max": 44800.0,
                "p50": 40832.0,
                "p95": 44610.048,
                "p99": 44762.0096,
                "min": 39557.12,
                "count": 8
            },
            "second": {
                "max": 50.47,
                "p50": 47.67,
                "p95": 50.225,
                "p99": 50.421,
                "min": 45.83,
                "count": 8
            }
        }
    },
    "reth": {
        "1000M": {
            "second": {
                "max": 3702.784,
                "p50": 3675.648,
                "p95": 3698.8416,
                "p99": 3701.99552,
                "min": 3662.848,
                "count": 8
            },
            "first": {
                "max": 16865.28,
                "p50": 16814.08,
                "p95": 16865.28,
                "p99": 16865.28,
                "min": 15482.88,
                "count": 8
            }
        }
    }
}