{
    "besu": {
        "1000M": {
            "second": {
                "max": 45281.28,
                "p50": 45199.36,
                "p95": 45274.112,
                "p99": 45279.8464,
                "min": 45107.2,
                "count": 8
            },
            "first": {
                "max": 45250.56,
                "p50": 45214.72,
                "p95": 45246.975999999995,
                "p99": 45249.843199999996,
                "min": 45189.12,
                "count": 8
            }
        }
    },
    "nethermind": {
        "1000M": {
            "second": {
                "max": 31098.88,
                "p50": 27929.6,
                "p95": 31070.208,
                "p99": 31093.1456,
                "min": 27668.48,
                "count": 8
            },
            "first": {
                "max": 31180.8,
                "p50": 28001.28,
                "p95": 31141.376,
                "p99": 31172.9152,
                "min": 27719.68,
                "count": 8
            }
        }
    },
    "erigon": {
        "1000M": {
            "first": {
                "max": 30945.28,
                "p50": 23531.52,
                "p95": 28608.511999999995,
                "p99": 30477.926399999997,
                "min": 23265.28,
                "count": 8
            },
            "second": {
                "max": 77.19,
                "p50": 74.63,
                "p95": 76.672,
                "p99": 77.0864,
                "min": 71.14,
                "count": 8
            }
        }
    },
    "geth": {
        "1000M": {
            "first": {
                "max": 42782.72,
                "p50": 41251.84,
                "p95": 42707.456,
                "p99": 42767.6672,
                "min": 40028.16,
                "count": 8
            },
            "second": {
                "max": 51.04,
                "p50": 47.305,
                "p95": 50.1125,
                "p99": 50.8545,
                "min": 43.54,
                "count": 8
            }
        }
    },
    "reth": {
        "1000M": {
            "second": {
                "max": 3717.12,
                "p50": 3696.1279999999997,
                "p95": 3714.2527999999998,
                "p99": 3716.5465599999998,
                "min": 3686.4,
                "count": 8
            },
            "first": {
                "max": 15595.52,
                "p50": 15431.68,
                "p95": 15588.352,
                "p99": 15594.0864,
                "min": 14479.36,
                "count": 8
            }
        }
    }
}