{
    "speed": {
        "ethrex": {
            "1000M": {
                "first": {
                    "max": 278232,
                    "p50": 276315,
                    "p95": 278040,
                    "p99": 278193,
                    "min": 275626,
                    "count": 3
                },
                "second": {
                    "max": 137758,
                    "p50": 136767,
                    "p95": 137658,
                    "p99": 137738,
                    "min": 136668,
                    "count": 3
                }
            }
        }
    },
    "memory": {
        "ethrex": {
            "1000M": {
                "first": {
                    "max": 16230.4,
                    "p50": 15790.08,
                    "p95": 16186.368,
                    "p99": 16221.5936,
                    "min": 15728.64,
                    "count": 3
                },
                "second": {
                    "max": 14039.04,
                    "p50": 14028.8,
                    "p95": 14038.016000000001,
                    "p99": 14038.835200000001,
                    "min": 13977.6,
                    "count": 3
                }
            }
        }
    }
}