{
    "besu": {
        "1000M": {
            "second": {
                "max": 46448.64,
                "p50": 46402.56,
                "p95": 46448.64,
                "p99": 46448.64,
                "min": 46264.32,
                "count": 8
            },
            "first": {
                "max": 46428.16,
                "p50": 46366.72,
                "p95": 46420.992000000006,
                "p99": 46426.72640000001,
                "min": 46325.76,
                "count": 8
            }
        }
    },
    "nethermind": {
        "1000M": {
            "second": {
                "max": 29542.4,
                "p50": 27074.56,
                "p95": 29008.384,
                "p99": 29435.5968,
                "min": 25118.72,
                "count": 8
            },
            "first": {
                "max": 31744.0,
                "p50": 25226.239999999998,
                "p95": 31557.632,
                "p99": 31706.7264,
                "min": 21002.24,
                "count": 8
            }
        }
    },
    "erigon": {
        "1000M": {
            "first": {
                "max": 31395.84,
                "p50": 29900.8,
                "p95": 31205.888,
                "p99": 31357.8496,
                "min": 26255.36,
                "count": 8
            },
            "second": {
                "max": 167.5,
                "p50": 147.14999999999998,
                "p95": 165.295,
                "p99": 167.059,
                "min": 130.4,
                "count": 8
            }
        }
    },
    "geth": {
        "1000M": {
            "first": {
                "max": 39546.88,
                "p50": 39270.4,
                "p95": 39539.712,
                "p99": 39545.4464,
                "min": 37550.08,
                "count": 8
            },
            "second": {
                "max": 56.0,
                "p50": 52.305,
                "p95": 55.0445,
                "p99": 55.8089,
                "min": 49.97,
                "count": 8
            }
        }
    },
    "reth": {
        "1000M": {
            "second": {
                "max": 4879.36,
                "p50": 4879.36,
                "p95": 4879.36,
                "p99": 4879.36,
                "min": 4879.36,
                "count": 8
            },
            "first": {
                "max": 16855.04,
                "p50": 15380.48,
                "p95": 16690.176,
                "p99": 16822.0672,
                "min": 15185.92,
                "count": 8
            }
        }
    }
}