{
    "besu": {
        "1000M": {
            "second": {
                "max": 45209.6,
                "p50": 45178.88,
                "p95": 45206.528,
                "p99": 45208.9856,
                "min": 45137.92,
                "count": 3
            },
            "first": {
                "max": 45189.12,
                "p50": 45137.92,
                "p95": 45184.0,
                "p99": 45188.096000000005,
                "min": 45004.8,
                "count": 3
            }
        }
    },
    "nethermind": {
        "1000M": {
            "second": {
                "max": 31119.36,
                "p50": 25856.0,
                "p95": 30593.024,
                "p99": 31014.092800000002,
                "min": 24586.24,
                "count": 3
            },
            "first": {
                "max": 27392.0,
                "p50": 27392.0,
                "p95": 27392.0,
                "p99": 27392.0,
                "min": 23449.6,
                "count": 3
            }
        }
    },
    "geth": {
        "1000M": {
            "second": {
                "max": 45.0,
                "p50": 44.13,
                "p95": 44.913,
                "p99": 44.9826,
                "min": 44.0,
                "count": 3
            },
            "first": {
                "max": 40796.16,
                "p50": 39915.52,
                "p95": 40708.096000000005,
                "p99": 40778.5472,
                "min": 39802.88,
                "count": 3
            }
        }
    },
    "reth": {
        "1000M": {
            "second": {
                "max": 3703.808,
                "p50": 3687.424,
                "p95": 3702.1696,
                "p99": 3703.48032,
                "min": 3687.424,
                "count": 3
            },
            "first": {
                "max": 15349.76,
                "p50": 15349.76,
                "p95": 15349.76,
                "p99": 15349.76,
                "min": 15319.04,
                "count": 3
            }
        }
    },
    "erigon": {
        "1000M": {
            "second": {
                "max": -1.0,
                "p50": -1.0,
                "p95": -1.0,
                "p99": -1.0,
                "min": -1.0,
                "count": 3
            },
            "first": {
                "max": 31129.6,
                "p50": 29870.08,
                "p95": 31003.647999999997,
                "p99": 31104.4096,
                "min": 28426.24,
                "count": 3
            }
        }
    }
}