{
    "besu": {
        "1000M": {
            "second": {
                "max": 45219.84,
                "p50": 45127.68,
                "p95": 45194.752,
                "p99": 45214.8224,
                "min": 45004.8,
                "count": 8
            },
            "first": {
                "max": 45250.56,
                "p50": 45168.64,
                "p95": 45239.808,
                "p99": 45248.4096,
                "min": 45086.72,
                "count": 8
            }
        }
    },
    "nethermind": {
        "1000M": {
            "second": {
                "max": 28467.2,
                "p50": 25144.32,
                "p95": 28262.912,
                "p99": 28426.3424,
                "min": 23019.52,
                "count": 8
            },
            "first": {
                "max": 29480.96,
                "p50": 27351.04,
                "p95": 29437.952,
                "p99": 29472.3584,
                "min": 24176.64,
                "count": 8
            }
        }
    },
    "erigon": {
        "1000M": {
            "first": {
                "max": 31303.68,
                "p50": 28477.440000000002,
                "p95": 31292.928,
                "p99": 31301.5296,
                "min": 28334.08,
                "count": 8
            },
            "second": {
                "max": 83.97,
                "p50": 82.87,
                "p95": 83.6865,
                "p99": 83.91329999999999,
                "min": 78.54,
                "count": 8
            }
        }
    },
    "geth": {
        "1000M": {
            "first": {
                "max": 41246.72,
                "p50": 38799.36,
                "p95": 40938.496,
                "p99": 41185.0752,
                "min": 37836.8,
                "count": 8
            },
            "second": {
                "max": 52.09,
                "p50": 46.235,
                "p95": 51.341,
                "p99": 51.940200000000004,
                "min": 43.15,
                "count": 8
            }
        }
    },
    "reth": {
        "1000M": {
            "second": {
                "max": 3693.568,
                "p50": 3655.6800000000003,
                "p95": 3685.6832,
                "p99": 3691.9910400000003,
                "min": 3646.464,
                "count": 8
            },
            "first": {
                "max": 16855.04,
                "p50": 15339.52,
                "p95": 16328.192,
                "p99": 16749.6704,
                "min": 15319.04,
                "count": 8
            }
        }
    }
}