{
    "besu": {
        "1000M": {
            "second": {
                "max": 18728.96,
                "p50": 18549.760000000002,
                "p95": 18718.208,
                "p99": 18726.8096,
                "min": 18350.08,
                "count": 8
            },
            "first": {
                "max": 46428.16,
                "p50": 46382.08,
                "p95": 46417.408,
                "p99": 46426.009600000005,
                "min": 46284.8,
                "count": 8
            }
        }
    },
    "nethermind": {
        "1000M": {
            "second": {
                "max": 5772.288,
                "p50": 5739.008,
                "p95": 5771.2128,
                "p99": 5772.0729599999995,
                "min": 5737.472,
                "count": 8
            },
            "first": {
                "max": 21473.28,
                "p50": 21411.84,
                "p95": 21458.944,
                "p99": 21470.4128,
                "min": 17438.72,
                "count": 8
            }
        }
    },
    "erigon": {
        "1000M": {
            "first": {
                "max": 29562.88,
                "p50": 28170.239999999998,
                "p95": 29491.2,
                "p99": 29548.544,
                "min": 26224.64,
                "count": 8
            },
            "second": {
                "max": 7412.736,
                "p50": 7299.584,
                "p95": 7375.104,
                "p99": 7405.2096,
                "min": 7293.952,
                "count": 8
            }
        }
    },
    "geth": {
        "1000M": {
            "first": {
                "max": 36648.96,
                "p50": 36541.44,
                "p95": 36641.792,
                "p99": 36647.5264,
                "min": 35307.52,
                "count": 8
            },
            "second": {
                "max": 4729.856,
                "p50": 4300.8,
                "p95": 4618.393599999999,
                "p99": 4707.56352,
                "min": 3042.304,
                "count": 8
            }
        }
    },
    "reth": {
        "1000M": {
            "second": {
                "max": 4879.36,
                "p50": 4879.36,
                "p95": 4879.36,
                "p99": 4879.36,
                "min": 4879.36,
                "count": 8
            },
            "first": {
                "max": 16619.52,
                "p50": 15697.92,
                "p95": 16296.96,
                "p99": 16555.008,
                "min": 15523.84,
                "count": 8
            }
        }
    }
}