{
    "besu": {
        "1000M": {
            "second": {
                "max": 18780.16,
                "p50": 18529.28,
                "p95": 18740.736,
                "p99": 18772.2752,
                "min": 18452.48,
                "count": 8
            },
            "first": {
                "max": 46458.88,
                "p50": 46371.84,
                "p95": 46458.88,
                "p99": 46458.88,
                "min": 46233.6,
                "count": 8
            }
        }
    },
    "nethermind": {
        "1000M": {
            "second": {
                "max": 5766.144,
                "p50": 5735.424,
                "p95": 5765.7856,
                "p99": 5766.07232,
                "min": 5734.4,
                "count": 8
            },
            "first": {
                "max": 21637.12,
                "p50": 21345.28,
                "p95": 21576.192,
                "p99": 21624.9344,
                "min": 17664.0,
                "count": 8
            }
        }
    },
    "erigon": {
        "1000M": {
            "first": {
                "max": 30627.84,
                "p50": 28528.64,
                "p95": 30255.104,
                "p99": 30553.2928,
                "min": 28016.64,
                "count": 8
            },
            "second": {
                "max": 7306.24,
                "p50": 7299.584,
                "p95": 7305.5232,
                "p99": 7306.09664,
                "min": 7296.0,
                "count": 8
            }
        }
    },
    "geth": {
        "1000M": {
            "first": {
                "max": 36792.32,
                "p50": 36536.32,
                "p95": 36738.56,
                "p99": 36781.568,
                "min": 36311.04,
                "count": 8
            },
            "second": {
                "max": 4403.2,
                "p50": 4131.3279999999995,
                "p95": 4402.8416,
                "p99": 4403.12832,
                "min": 3036.16,
                "count": 8
            }
        }
    },
    "reth": {
        "1000M": {
            "second": {
                "max": 4879.36,
                "p50": 4879.36,
                "p95": 4879.36,
                "p99": 4879.36,
                "min": 4879.36,
                "count": 8
            },
            "first": {
                "max": 17408.0,
                "p50": 16138.240000000002,
                "p95": 17192.96,
                "p99": 17364.992,
                "min": 15595.52,
                "count": 8
            }
        }
    }
}