{
    "besu": {
        "1000M": {
            "second": {
                "max": 45250.56,
                "p50": 45209.6,
                "p95": 45246.975999999995,
                "p99": 45249.843199999996,
                "min": 45189.12,
                "count": 8
            },
            "first": {
                "max": 45291.52,
                "p50": 45235.2,
                "p95": 45280.768,
                "p99": 45289.3696,
                "min": 45189.12,
                "count": 8
            }
        }
    },
    "nethermind": {
        "1000M": {
            "second": {
                "max": 28364.8,
                "p50": 27151.36,
                "p95": 28149.76,
                "p99": 28321.791999999998,
                "min": 21350.4,
                "count": 8
            },
            "first": {
                "max": 28026.88,
                "p50": 26972.16,
                "p95": 27736.576,
                "p99": 27968.8192,
                "min": 21770.24,
                "count": 8
            }
        }
    },
    "erigon": {
        "1000M": {
            "first": {
                "max": 26859.52,
                "p50": 23925.760000000002,
                "p95": 25999.359999999997,
                "p99": 26687.488,
                "min": 23511.04,
                "count": 8
            },
            "second": {
                "max": 74.76,
                "p50": 71.72,
                "p95": 73.9655,
                "p99": 74.6011,
                "min": 70.1,
                "count": 8
            }
        }
    },
    "geth": {
        "1000M": {
            "first": {
                "max": 44748.8,
                "p50": 40350.72,
                "p95": 43781.12,
                "p99": 44555.264,
                "min": 39587.84,
                "count": 8
            },
            "second": {
                "max": 51.72,
                "p50": 46.54,
                "p95": 51.2335,
                "p99": 51.6227,
                "min": 43.27,
                "count": 8
            }
        }
    },
    "reth": {
        "1000M": {
            "second": {
                "max": 3700.736,
                "p50": 3683.84,
                "p95": 3700.3776,
                "p99": 3700.66432,
                "min": 3611.648,
                "count": 8
            },
            "first": {
                "max": 16855.04,
                "p50": 15472.64,
                "p95": 16711.68,
                "p99": 16826.368000000002,
                "min": 14356.48,
                "count": 8
            }
        }
    }
}