{
    "besu": {
        "1000M": {
            "second": {
                "max": 46448.64,
                "p50": 46387.2,
                "p95": 46434.304,
                "p99": 46445.7728,
                "min": 46284.8,
                "count": 8
            },
            "first": {
                "max": 46489.6,
                "p50": 46397.44,
                "p95": 46478.848,
                "p99": 46487.4496,
                "min": 46151.68,
                "count": 8
            }
        }
    },
    "nethermind": {
        "1000M": {
            "second": {
                "max": 28426.24,
                "p50": 25825.28,
                "p95": 28003.328,
                "p99": 28341.657600000002,
                "min": 22067.2,
                "count": 8
            },
            "first": {
                "max": 30218.24,
                "p50": 26690.559999999998,
                "p95": 29103.615999999998,
                "p99": 29995.3152,
                "min": 24494.08,
                "count": 8
            }
        }
    },
    "erigon": {
        "1000M": {
            "first": {
                "max": 30648.32,
                "p50": 28221.44,
                "p95": 30332.928,
                "p99": 30585.2416,
                "min": 26613.76,
                "count": 8
            },
            "second": {
                "max": 220.7,
                "p50": 156.5,
                "p95": 211.10999999999999,
                "p99": 218.78199999999998,
                "min": 116.1,
                "count": 8
            }
        }
    },
    "geth": {
        "1000M": {
            "first": {
                "max": 40130.56,
                "p50": 38553.6,
                "p95": 39808.0,
                "p99": 40066.047999999995,
                "min": 37355.52,
                "count": 8
            },
            "second": {
                "max": 53.89,
                "p50": 51.455,
                "p95": 53.435,
                "p99": 53.799,
                "min": 46.41,
                "count": 8
            }
        }
    },
    "reth": {
        "1000M": {
            "second": {
                "max": 4884.48,
                "p50": 4884.48,
                "p95": 4884.48,
                "p99": 4884.48,
                "min": 4884.48,
                "count": 8
            },
            "first": {
                "max": 16865.28,
                "p50": 15779.84,
                "p95": 16686.079999999998,
                "p99": 16829.44,
                "min": 15247.36,
                "count": 8
            }
        }
    }
}