{
    "besu": {
        "1000M": {
            "second": {
                "max": 46448.64,
                "p50": 46417.92,
                "p95": 46445.056,
                "p99": 46447.9232,
                "min": 46274.56,
                "count": 8
            },
            "first": {
                "max": 46458.88,
                "p50": 46423.04,
                "p95": 46451.712,
                "p99": 46457.4464,
                "min": 46387.2,
                "count": 8
            }
        }
    },
    "nethermind": {
        "1000M": {
            "second": {
                "max": 29358.08,
                "p50": 26163.2,
                "p95": 29268.480000000003,
                "p99": 29340.160000000003,
                "min": 22108.16,
                "count": 8
            },
            "first": {
                "max": 29491.2,
                "p50": 27381.760000000002,
                "p95": 29021.696,
                "p99": 29397.2992,
                "min": 23552.0,
                "count": 8
            }
        }
    },
    "erigon": {
        "1000M": {
            "first": {
                "max": 31344.64,
                "p50": 29291.52,
                "p95": 31079.424,
                "p99": 31291.5968,
                "min": 26327.04,
                "count": 8
            },
            "second": {
                "max": 176.2,
                "p50": 134.25,
                "p95": 168.605,
                "p99": 174.68099999999998,
                "min": 122.8,
                "count": 8
            }
        }
    },
    "geth": {
        "1000M": {
            "first": {
                "max": 39639.04,
                "p50": 38737.92,
                "p95": 39545.856,
                "p99": 39620.4032,
                "min": 37509.12,
                "count": 8
            },
            "second": {
                "max": 54.58,
                "p50": 52.155,
                "p95": 54.5345,
                "p99": 54.5709,
                "min": 50.47,
                "count": 8
            }
        }
    },
    "reth": {
        "1000M": {
            "second": {
                "max": 4881.408,
                "p50": 4881.408,
                "p95": 4881.408,
                "p99": 4881.408,
                "min": 4880.384,
                "count": 8
            },
            "first": {
                "max": 16855.04,
                "p50": 16271.36,
                "p95": 16855.04,
                "p99": 16855.04,
                "min": 15278.08,
                "count": 8
            }
        }
    }
}