{
    "besu": {
        "1000M": {
            "second": {
                "max": 45271.04,
                "p50": 45184.0,
                "p95": 45267.456,
                "p99": 45270.3232,
                "min": 45076.48,
                "count": 8
            },
            "first": {
                "max": 45209.6,
                "p50": 45143.04,
                "p95": 45195.263999999996,
                "p99": 45206.7328,
                "min": 44974.08,
                "count": 8
            }
        }
    },
    "nethermind": {
        "1000M": {
            "second": {
                "max": 28579.84,
                "p50": 27105.28,
                "p95": 28511.744,
                "p99": 28566.2208,
                "min": 22876.16,
                "count": 8
            },
            "first": {
                "max": 31549.44,
                "p50": 26403.839999999997,
                "p95": 30932.992,
                "p99": 31426.1504,
                "min": 20674.56,
                "count": 8
            }
        }
    },
    "erigon": {
        "1000M": {
            "first": {
                "max": 26869.76,
                "p50": 25175.04,
                "p95": 26665.471999999998,
                "p99": 26828.9024,
                "min": 23336.96,
                "count": 8
            },
            "second": {
                "max": 73.96,
                "p50": 70.245,
                "p95": 73.43849999999999,
                "p99": 73.8557,
                "min": 66.69,
                "count": 8
            }
        }
    },
    "geth": {
        "1000M": {
            "first": {
                "max": 41973.76,
                "p50": 40299.520000000004,
                "p95": 41575.936,
                "p99": 41894.1952,
                "min": 39761.92,
                "count": 8
            },
            "second": {
                "max": 51.09,
                "p50": 46.975,
                "p95": 50.8695,
                "p99": 51.0459,
                "min": 43.53,
                "count": 8
            }
        }
    },
    "reth": {
        "1000M": {
            "second": {
                "max": 3739.648,
                "p50": 3722.752,
                "p95": 3738.5728,
                "p99": 3739.43296,
                "min": 3693.568,
                "count": 8
            },
            "first": {
                "max": 16343.04,
                "p50": 15411.2,
                "p95": 16335.872000000001,
                "p99": 16341.6064,
                "min": 15339.52,
                "count": 8
            }
        }
    }
}