{
    "besu": {
        "1000M": {
            "second": {
                "max": 18800.64,
                "p50": 18513.92,
                "p95": 18786.304,
                "p99": 18797.7728,
                "min": 18411.52,
                "count": 8
            },
            "first": {
                "max": 46376.96,
                "p50": 46336.0,
                "p95": 46376.96,
                "p99": 46376.96,
                "min": 46172.16,
                "count": 8
            }
        }
    },
    "nethermind": {
        "1000M": {
            "second": {
                "max": 5585.92,
                "p50": 5554.688,
                "p95": 5585.5616,
                "p99": 5585.84832,
                "min": 5553.152,
                "count": 8
            },
            "first": {
                "max": 21237.76,
                "p50": 17192.96,
                "p95": 20811.264,
                "p99": 21152.460799999997,
                "min": 15523.84,
                "count": 8
            }
        }
    },
    "erigon": {
        "1000M": {
            "first": {
                "max": 23787.52,
                "p50": 20710.4,
                "p95": 23081.472,
                "p99": 23646.3104,
                "min": 20551.68,
                "count": 8
            },
            "second": {
                "max": 5833.728,
                "p50": 5743.103999999999,
                "p95": 5833.3696,
                "p99": 5833.65632,
                "min": 5419.008,
                "count": 8
            }
        }
    },
    "geth": {
        "1000M": {
            "first": {
                "max": 37785.6,
                "p50": 37114.88,
                "p95": 37635.072,
                "p99": 37755.494399999996,
                "min": 36116.48,
                "count": 8
            },
            "second": {
                "max": 4762.624,
                "p50": 4018.688,
                "p95": 4638.976,
                "p99": 4737.8944,
                "min": 3055.616,
                "count": 8
            }
        }
    },
    "reth": {
        "1000M": {
            "second": {
                "max": 4879.36,
                "p50": 4879.36,
                "p95": 4879.36,
                "p99": 4879.36,
                "min": 4879.36,
                "count": 8
            },
            "first": {
                "max": 16537.6,
                "p50": 15820.8,
                "p95": 16286.719999999998,
                "p99": 16487.424,
                "min": 15687.68,
                "count": 8
            }
        }
    }
}