{
    "besu": {
        "1000M": {
            "second": {
                "max": 45260.8,
                "p50": 45199.36,
                "p95": 45257.216,
                "p99": 45260.0832,
                "min": 45117.44,
                "count": 8
            },
            "first": {
                "max": 45240.32,
                "p50": 45168.64,
                "p95": 45233.152,
                "p99": 45238.8864,
                "min": 45025.28,
                "count": 8
            }
        }
    },
    "nethermind": {
        "1000M": {
            "second": {
                "max": 28170.24,
                "p50": 27509.760000000002,
                "p95": 28059.136000000002,
                "p99": 28148.019200000002,
                "min": 22824.96,
                "count": 8
            },
            "first": {
                "max": 26726.4,
                "p50": 23260.16,
                "p95": 26636.800000000003,
                "p99": 26708.480000000003,
                "min": 22425.6,
                "count": 8
            }
        }
    },
    "erigon": {
        "1000M": {
            "first": {
                "max": 26859.52,
                "p50": 24396.8,
                "p95": 26830.847999999998,
                "p99": 26853.7856,
                "min": 23316.48,
                "count": 8
            },
            "second": {
                "max": 73.42,
                "p50": 72.315,
                "p95": 73.399,
                "p99": 73.4158,
                "min": 71.36,
                "count": 8
            }
        }
    },
    "geth": {
        "1000M": {
            "first": {
                "max": 40519.68,
                "p50": 40197.119999999995,
                "p95": 40451.584,
                "p99": 40506.0608,
                "min": 39239.68,
                "count": 8
            },
            "second": {
                "max": 49.14,
                "p50": 46.805,
                "p95": 49.083999999999996,
                "p99": 49.1288,
                "min": 43.93,
                "count": 8
            }
        }
    },
    "reth": {
        "1000M": {
            "second": {
                "max": 3703.808,
                "p50": 3683.84,
                "p95": 3702.7327999999998,
                "p99": 3703.59296,
                "min": 3649.536,
                "count": 8
            },
            "first": {
                "max": 16855.04,
                "p50": 15339.52,
                "p95": 16367.616,
                "p99": 16757.5552,
                "min": 15329.28,
                "count": 8
            }
        }
    }
}