{
    "ethrex": {
        "1000M": {
            "first": {
                "max": 16230.4,
                "p50": 15790.08,
                "p95": 16186.368,
                "p99": 16221.5936,
                "min": 15728.64,
                "count": 3
            },
            "second": {
                "max": 14039.04,
                "p50": 14028.8,
                "p95": 14038.016000000001,
                "p99": 14038.835200000001,
                "min": 13977.6,
                "count": 3
            }
        }
    }
}