{
    "besu": {
        "1000M": {
            "second": {
                "max": 46438.4,
                "p50": 46412.8,
                "p95": 46434.816,
                "p99": 46437.6832,
                "min": 46254.08,
                "count": 8
            },
            "first": {
                "max": 46469.12,
                "p50": 46417.92,
                "p95": 46461.952000000005,
                "p99": 46467.686400000006,
                "min": 46274.56,
                "count": 8
            }
        }
    },
    "nethermind": {
        "1000M": {
            "second": {
                "max": 30720.0,
                "p50": 27586.56,
                "p95": 30228.992,
                "p99": 30621.7984,
                "min": 25671.68,
                "count": 8
            },
            "first": {
                "max": 31774.72,
                "p50": 28221.44,
                "p95": 31760.384000000002,
                "p99": 31771.8528,
                "min": 22415.36,
                "count": 8
            }
        }
    },
    "erigon": {
        "1000M": {
            "first": {
                "max": 31344.64,
                "p50": 31057.92,
                "p95": 31341.056,
                "p99": 31343.9232,
                "min": 28211.2,
                "count": 8
            },
            "second": {
                "max": 193.9,
                "p50": 155.75,
                "p95": 192.885,
                "p99": 193.697,
                "min": 118.7,
                "count": 8
            }
        }
    },
    "geth": {
        "1000M": {
            "first": {
                "max": 39178.24,
                "p50": 38138.880000000005,
                "p95": 39081.472,
                "p99": 39158.886399999996,
                "min": 37324.8,
                "count": 8
            },
            "second": {
                "max": 45.9,
                "p50": 42.375,
                "p95": 45.8615,
                "p99": 45.8923,
                "min": 40.57,
                "count": 8
            }
        }
    },
    "reth": {
        "1000M": {
            "second": {
                "max": 4880.384,
                "p50": 4880.384,
                "p95": 4880.384,
                "p99": 4880.384,
                "min": 4880.384,
                "count": 8
            },
            "first": {
                "max": 15349.76,
                "p50": 15349.76,
                "p95": 15349.76,
                "p99": 15349.76,
                "min": 15349.76,
                "count": 8
            }
        }
    }
}