{
    "besu": {
        "1000M": {
            "second": {
                "max": 18728.96,
                "p50": 18631.68,
                "p95": 18728.96,
                "p99": 18728.96,
                "min": 18288.64,
                "count": 8
            },
            "first": {
                "max": 46499.84,
                "p50": 46428.16,
                "p95": 46481.92,
                "p99": 46496.255999999994,
                "min": 46356.48,
                "count": 8
            }
        }
    },
    "nethermind": {
        "1000M": {
            "second": {
                "max": 5590.016,
                "p50": 5573.12,
                "p95": 5590.016,
                "p99": 5590.016,
                "min": 5556.224,
                "count": 8
            },
            "first": {
                "max": 20561.92,
                "p50": 19609.6,
                "p95": 20325.376,
                "p99": 20514.6112,
                "min": 18053.12,
                "count": 8
            }
        }
    },
    "erigon": {
        "1000M": {
            "first": {
                "max": 50073.6,
                "p50": 49643.520000000004,
                "p95": 50052.096,
                "p99": 50069.2992,
                "min": 47400.96,
                "count": 8
            },
            "second": {
                "max": 5814.272,
                "p50": 5780.48,
                "p95": 5806.7456,
                "p99": 5812.76672,
                "min": 5364.736,
                "count": 8
            }
        }
    },
    "geth": {
        "1000M": {
            "first": {
                "max": 37519.36,
                "p50": 36802.56,
                "p95": 37512.192,
                "p99": 37517.926400000004,
                "min": 35665.92,
                "count": 8
            },
            "second": {
                "max": 4739.072,
                "p50": 3891.7120000000004,
                "p95": 4622.2336,
                "p99": 4715.70432,
                "min": 3512.32,
                "count": 8
            }
        }
    },
    "reth": {
        "1000M": {
            "second": {
                "max": 4879.36,
                "p50": 4879.36,
                "p95": 4879.36,
                "p99": 4879.36,
                "min": 4879.36,
                "count": 8
            },
            "first": {
                "max": 16117.76,
                "p50": 15687.68,
                "p95": 15970.816,
                "p99": 16088.3712,
                "min": 15687.68,
                "count": 8
            }
        }
    }
}