{
    "besu": {
        "1000M": {
            "second": {
                "max": 46520.32,
                "p50": 46366.72,
                "p95": 46488.064,
                "p99": 46513.8688,
                "min": 46213.12,
                "count": 8
            },
            "first": {
                "max": 46489.6,
                "p50": 46417.92,
                "p95": 46482.432,
                "p99": 46488.1664,
                "min": 46366.72,
                "count": 8
            }
        }
    },
    "nethermind": {
        "1000M": {
            "second": {
                "max": 31774.72,
                "p50": 29127.68,
                "p95": 31645.696,
                "p99": 31748.9152,
                "min": 26787.84,
                "count": 8
            },
            "first": {
                "max": 31784.96,
                "p50": 28410.879999999997,
                "p95": 31358.464,
                "p99": 31699.660799999998,
                "min": 24770.56,
                "count": 8
            }
        }
    },
    "erigon": {
        "1000M": {
            "first": {
                "max": 31426.56,
                "p50": 30730.239999999998,
                "p95": 31387.136,
                "p99": 31418.6752,
                "min": 26736.64,
                "count": 8
            },
            "second": {
                "max": 189.7,
                "p50": 137.75,
                "p95": 187.81,
                "p99": 189.322,
                "min": 124.5,
                "count": 8
            }
        }
    },
    "geth": {
        "1000M": {
            "first": {
                "max": 39608.32,
                "p50": 39352.32,
                "p95": 39593.984,
                "p99": 39605.4528,
                "min": 38225.92,
                "count": 8
            },
            "second": {
                "max": 47.87,
                "p50": 44.269999999999996,
                "p95": 47.7125,
                "p99": 47.838499999999996,
                "min": 40.89,
                "count": 8
            }
        }
    },
    "reth": {
        "1000M": {
            "second": {
                "max": 4882.432,
                "p50": 4882.432,
                "p95": 4882.432,
                "p99": 4882.432,
                "min": 4882.432,
                "count": 8
            },
            "first": {
                "max": 16353.28,
                "p50": 15692.8,
                "p95": 16338.944,
                "p99": 16350.4128,
                "min": 15278.08,
                "count": 8
            }
        }
    }
}