{
    "besu": {
        "1000M": {
            "second": {
                "max": 17561.6,
                "p50": 16967.68,
                "p95": 17389.568,
                "p99": 17527.1936,
                "min": 16752.64,
                "count": 8
            },
            "first": {
                "max": 45711.36,
                "p50": 45158.399999999994,
                "p95": 45575.168,
                "p99": 45684.1216,
                "min": 41246.72,
                "count": 8
            }
        }
    },
    "nethermind": {
        "1000M": {
            "second": {
                "max": 5581.824,
                "p50": 5550.08,
                "p95": 5581.824,
                "p99": 5581.824,
                "min": 5549.056,
                "count": 8
            },
            "first": {
                "max": 19609.6,
                "p50": 18549.760000000002,
                "p95": 19516.415999999997,
                "p99": 19590.9632,
                "min": 18503.68,
                "count": 8
            }
        }
    },
    "ethrex": {
        "1000M": {
            "first": {
                "max": 18083.84,
                "p50": 15831.04,
                "p95": 17413.631999999998,
                "p99": 17949.7984,
                "min": 15575.04,
                "count": 8
            },
            "second": {
                "max": 14059.52,
                "p50": 13998.08,
                "p95": 14055.936,
                "p99": 14058.8032,
                "min": 13946.88,
                "count": 8
            }
        }
    },
    "erigon": {
        "1000M": {
            "first": {
                "max": 50012.16,
                "p50": 49720.32,
                "p95": 49954.816,
                "p99": 50000.6912,
                "min": 46909.44,
                "count": 8
            },
            "second": {
                "max": 5804.032,
                "p50": 5717.504000000001,
                "p95": 5796.5056,
                "p99": 5802.52672,
                "min": 5459.968,
                "count": 8
            }
        }
    },
    "geth": {
        "1000M": {
            "first": {
                "max": 37693.44,
                "p50": 37391.36,
                "p95": 37625.344,
                "p99": 37679.8208,
                "min": 36628.48,
                "count": 8
            },
            "second": {
                "max": 4410.368,
                "p50": 4406.784,
                "p95": 4409.6512,
                "p99": 4410.22464,
                "min": 3059.712,
                "count": 8
            }
        }
    },
    "reth": {
        "1000M": {
            "second": {
                "max": 4875.264,
                "p50": 4875.264,
                "p95": 4875.264,
                "p99": 4875.264,
                "min": 4875.264,
                "count": 8
            },
            "first": {
                "max": 15687.68,
                "p50": 15687.68,
                "p95": 15687.68,
                "p99": 15687.68,
                "min": 15677.44,
                "count": 8
            }
        }
    }
}