{
    "besu": {
        "1000M": {
            "second": {
                "max": 18698.24,
                "p50": 18508.8,
                "p95": 18655.232,
                "p99": 18689.6384,
                "min": 18421.76,
                "count": 8
            },
            "first": {
                "max": 46448.64,
                "p50": 46356.479999999996,
                "p95": 46437.888,
                "p99": 46446.4896,
                "min": 46192.64,
                "count": 8
            }
        }
    },
    "nethermind": {
        "1000M": {
            "second": {
                "max": 5772.288,
                "p50": 5738.496,
                "p95": 5771.9295999999995,
                "p99": 5772.2163199999995,
                "min": 5737.472,
                "count": 8
            },
            "first": {
                "max": 21473.28,
                "p50": 21386.239999999998,
                "p95": 21469.696,
                "p99": 21472.5632,
                "min": 16435.2,
                "count": 8
            }
        }
    },
    "erigon": {
        "1000M": {
            "first": {
                "max": 31375.36,
                "p50": 28497.92,
                "p95": 31077.888,
                "p99": 31315.8656,
                "min": 27054.08,
                "count": 8
            },
            "second": {
                "max": 7412.736,
                "p50": 7301.12,
                "p95": 7375.104,
                "p99": 7405.2096,
                "min": 7296.0,
                "count": 8
            }
        }
    },
    "geth": {
        "1000M": {
            "first": {
                "max": 36485.12,
                "p50": 35517.44,
                "p95": 36270.08,
                "p99": 36442.112,
                "min": 35276.8,
                "count": 8
            },
            "second": {
                "max": 4406.272,
                "p50": 4294.144,
                "p95": 4405.9136,
                "p99": 4406.20032,
                "min": 3047.424,
                "count": 8
            }
        }
    },
    "reth": {
        "1000M": {
            "second": {
                "max": 4879.36,
                "p50": 4879.36,
                "p95": 4879.36,
                "p99": 4879.36,
                "min": 4879.36,
                "count": 8
            },
            "first": {
                "max": 15820.8,
                "p50": 15697.92,
                "p95": 15802.88,
                "p99": 15817.215999999999,
                "min": 15697.92,
                "count": 8
            }
        }
    }
}