{
    "besu": {
        "1000M": {
            "second": {
                "max": 46530.56,
                "p50": 46382.08,
                "p95": 46494.72,
                "p99": 46523.392,
                "min": 46202.88,
                "count": 8
            },
            "first": {
                "max": 46458.88,
                "p50": 46382.08,
                "p95": 46448.128,
                "p99": 46456.7296,
                "min": 46243.84,
                "count": 8
            }
        }
    },
    "nethermind": {
        "1000M": {
            "second": {
                "max": 31232.0,
                "p50": 28344.32,
                "p95": 30823.424,
                "p99": 31150.2848,
                "min": 21555.2,
                "count": 8
            },
            "first": {
                "max": 30924.8,
                "p50": 27110.4,
                "p95": 30208.0,
                "p99": 30781.44,
                "min": 21626.88,
                "count": 8
            }
        }
    },
    "erigon": {
        "1000M": {
            "first": {
                "max": 30504.96,
                "p50": 28528.64,
                "p95": 30469.12,
                "p99": 30497.791999999998,
                "min": 28026.88,
                "count": 8
            },
            "second": {
                "max": 168.3,
                "p50": 145.25,
                "p95": 164.205,
                "p99": 167.481,
                "min": 127.1,
                "count": 8
            }
        }
    },
    "geth": {
        "1000M": {
            "first": {
                "max": 36771.84,
                "p50": 36387.84,
                "p95": 36678.655999999995,
                "p99": 36753.203199999996,
                "min": 36259.84,
                "count": 8
            },
            "second": {
                "max": 72.11,
                "p50": 68.535,
                "p95": 71.585,
                "p99": 72.005,
                "min": 65.66,
                "count": 8
            }
        }
    },
    "reth": {
        "1000M": {
            "second": {
                "max": 4880.384,
                "p50": 4880.384,
                "p95": 4880.384,
                "p99": 4880.384,
                "min": 4880.384,
                "count": 8
            },
            "first": {
                "max": 17285.12,
                "p50": 15697.92,
                "p95": 17030.656,
                "p99": 17234.227199999998,
                "min": 15687.68,
                "count": 8
            }
        }
    }
}