{
    "besu": {
        "1000M": {
            "second": {
                "max": 18688.0,
                "p50": 18432.0,
                "p95": 18627.072,
                "p99": 18675.8144,
                "min": 18411.52,
                "count": 8
            },
            "first": {
                "max": 46428.16,
                "p50": 46366.72,
                "p95": 46420.992000000006,
                "p99": 46426.72640000001,
                "min": 46264.32,
                "count": 8
            }
        }
    },
    "nethermind": {
        "1000M": {
            "second": {
                "max": 5585.92,
                "p50": 5554.176,
                "p95": 5585.92,
                "p99": 5585.92,
                "min": 5553.152,
                "count": 8
            },
            "first": {
                "max": 20193.28,
                "p50": 19624.96,
                "p95": 20143.104,
                "p99": 20183.2448,
                "min": 17786.88,
                "count": 8
            }
        }
    },
    "erigon": {
        "1000M": {
            "first": {
                "max": 23398.4,
                "p50": 20741.12,
                "p95": 22663.68,
                "p99": 23251.456000000002,
                "min": 20357.12,
                "count": 8
            },
            "second": {
                "max": 5810.176,
                "p50": 5779.456,
                "p95": 5807.308800000001,
                "p99": 5809.60256,
                "min": 5628.928,
                "count": 8
            }
        }
    },
    "geth": {
        "1000M": {
            "first": {
                "max": 37908.48,
                "p50": 37063.68,
                "p95": 37754.368,
                "p99": 37877.657600000006,
                "min": 35594.24,
                "count": 8
            },
            "second": {
                "max": 4408.32,
                "p50": 4398.592,
                "p95": 4407.2447999999995,
                "p99": 4408.10496,
                "min": 3038.208,
                "count": 8
            }
        }
    },
    "reth": {
        "1000M": {
            "second": {
                "max": 4880.384,
                "p50": 4880.384,
                "p95": 4880.384,
                "p99": 4880.384,
                "min": 4880.384,
                "count": 8
            },
            "first": {
                "max": 16875.52,
                "p50": 15820.8,
                "p95": 16506.368,
                "p99": 16801.6896,
                "min": 15697.92,
                "count": 8
            }
        }
    }
}