{
    "besu": {
        "1000M": {
            "second": {
                "max": 18728.96,
                "p50": 18483.2,
                "p95": 18704.384,
                "p99": 18724.0448,
                "min": 18442.24,
                "count": 3
            },
            "first": {
                "max": 46469.12,
                "p50": 46305.28,
                "p95": 46452.736000000004,
                "p99": 46465.8432,
                "min": 46254.08,
                "count": 3
            }
        }
    },
    "nethermind": {
        "1000M": {
            "second": {
                "max": 5737.472,
                "p50": 5737.472,
                "p95": 5737.472,
                "p99": 5737.472,
                "min": 5736.448,
                "count": 3
            },
            "first": {
                "max": 17592.32,
                "p50": 17489.92,
                "p95": 17582.079999999998,
                "p99": 17590.272,
                "min": 17367.04,
                "count": 3
            }
        }
    },
    "geth": {
        "1000M": {
            "second": {
                "max": 4410.368,
                "p50": 4408.32,
                "p95": 4410.1632,
                "p99": 4410.32704,
                "min": 4155.392,
                "count": 3
            },
            "first": {
                "max": 36618.24,
                "p50": 36536.32,
                "p95": 36610.047999999995,
                "p99": 36616.601599999995,
                "min": 36270.08,
                "count": 3
            }
        }
    },
    "reth": {
        "1000M": {
            "second": {
                "max": 4885.504,
                "p50": 4885.504,
                "p95": 4885.504,
                "p99": 4885.504,
                "min": 4885.504,
                "count": 3
            },
            "first": {
                "max": 16947.2,
                "p50": 16926.72,
                "p95": 16945.152000000002,
                "p99": 16946.7904,
                "min": 16711.68,
                "count": 3
            }
        }
    },
    "erigon": {
        "1000M": {
            "second": {
                "max": 7297.024,
                "p50": 7297.024,
                "p95": 7297.024,
                "p99": 7297.024,
                "min": 7296.0,
                "count": 3
            },
            "first": {
                "max": 31488.0,
                "p50": 30945.28,
                "p95": 31433.728,
                "p99": 31477.1456,
                "min": 29655.04,
                "count": 3
            }
        }
    }
}