{
    "besu": {
        "1000M": {
            "second": {
                "max": 17346.56,
                "p50": 16988.16,
                "p95": 17231.872,
                "p99": 17323.6224,
                "min": 16711.68,
                "count": 8
            },
            "first": {
                "max": 45854.72,
                "p50": 45475.84,
                "p95": 45829.632,
                "p99": 45849.7024,
                "min": 45209.6,
                "count": 8
            }
        }
    },
    "nethermind": {
        "1000M": {
            "second": {
                "max": 5638.144,
                "p50": 5555.7119999999995,
                "p95": 5620.224,
                "p99": 5634.56,
                "min": 5554.176,
                "count": 8
            },
            "first": {
                "max": 21268.48,
                "p50": 19138.559999999998,
                "p95": 21254.144,
                "p99": 21265.6128,
                "min": 18575.36,
                "count": 8
            }
        }
    },
    "erigon": {
        "1000M": {
            "first": {
                "max": 49971.2,
                "p50": 49704.96,
                "p95": 49924.608,
                "p99": 49961.8816,
                "min": 49643.52,
                "count": 8
            },
            "second": {
                "max": 5799.936,
                "p50": 5755.904,
                "p95": 5799.2192,
                "p99": 5799.79264,
                "min": 5443.584,
                "count": 8
            }
        }
    },
    "geth": {
        "1000M": {
            "first": {
                "max": 37642.24,
                "p50": 37191.68,
                "p95": 37584.896,
                "p99": 37630.771199999996,
                "min": 36474.88,
                "count": 8
            },
            "second": {
                "max": 4410.368,
                "p50": 3537.92,
                "p95": 4406.784000000001,
                "p99": 4409.6512,
                "min": 2839.552,
                "count": 8
            }
        }
    },
    "reth": {
        "1000M": {
            "second": {
                "max": 4879.36,
                "p50": 4879.36,
                "p95": 4879.36,
                "p99": 4879.36,
                "min": 4879.36,
                "count": 8
            },
            "first": {
                "max": 16117.76,
                "p50": 15697.92,
                "p95": 16013.824,
                "p99": 16096.9728,
                "min": 15687.68,
                "count": 8
            }
        }
    }
}