{
    "besu": {
        "1000M": {
            "second": {
                "max": 45260.8,
                "p50": 45184.0,
                "p95": 45246.464,
                "p99": 45257.9328,
                "min": 45056.0,
                "count": 8
            },
            "first": {
                "max": 45271.04,
                "p50": 45199.36,
                "p95": 45267.456,
                "p99": 45270.3232,
                "min": 45066.24,
                "count": 8
            }
        }
    },
    "nethermind": {
        "1000M": {
            "second": {
                "max": 29552.64,
                "p50": 26419.2,
                "p95": 29169.152,
                "p99": 29475.9424,
                "min": 24064.0,
                "count": 8
            },
            "first": {
                "max": 30545.92,
                "p50": 27827.2,
                "p95": 30352.384,
                "p99": 30507.212799999998,
                "min": 24012.8,
                "count": 8
            }
        }
    },
    "erigon": {
        "1000M": {
            "first": {
                "max": 32092.16,
                "p50": 29506.559999999998,
                "p95": 31769.6,
                "p99": 32027.648,
                "min": 27105.28,
                "count": 8
            },
            "second": {
                "max": 84.72,
                "p50": 83.15,
                "p95": 84.51,
                "p99": 84.678,
                "min": 77.88,
                "count": 8
            }
        }
    },
    "geth": {
        "1000M": {
            "first": {
                "max": 41656.32,
                "p50": 40161.28,
                "p95": 41373.184,
                "p99": 41599.6928,
                "min": 38410.24,
                "count": 8
            },
            "second": {
                "max": 51.7,
                "p50": 47.765,
                "p95": 51.644,
                "p99": 51.6888,
                "min": 42.33,
                "count": 8
            }
        }
    },
    "reth": {
        "1000M": {
            "second": {
                "max": 4884.48,
                "p50": 4884.48,
                "p95": 4884.48,
                "p99": 4884.48,
                "min": 4884.48,
                "count": 8
            },
            "first": {
                "max": 16547.84,
                "p50": 15528.96,
                "p95": 16253.952,
                "p99": 16489.0624,
                "min": 15206.4,
                "count": 8
            }
        }
    }
}