{
    "besu": {
        "1000M": {
            "second": {
                "max": 45281.28,
                "p50": 45184.0,
                "p95": 45266.943999999996,
                "p99": 45278.4128,
                "min": 45168.64,
                "count": 8
            },
            "first": {
                "max": 45250.56,
                "p50": 45148.16,
                "p95": 45232.64,
                "p99": 45246.975999999995,
                "min": 45076.48,
                "count": 8
            }
        }
    },
    "nethermind": {
        "1000M": {
            "second": {
                "max": 30412.8,
                "p50": 28221.44,
                "p95": 30258.688,
                "p99": 30381.9776,
                "min": 22548.48,
                "count": 8
            },
            "first": {
                "max": 31477.76,
                "p50": 26224.64,
                "p95": 31431.167999999998,
                "p99": 31468.4416,
                "min": 21596.16,
                "count": 8
            }
        }
    },
    "erigon": {
        "1000M": {
            "first": {
                "max": 31211.52,
                "p50": 28456.96,
                "p95": 31207.936,
                "p99": 31210.803200000002,
                "min": 26429.44,
                "count": 8
            },
            "second": {
                "max": 83.99,
                "p50": 81.86,
                "p95": 83.8885,
                "p99": 83.96969999999999,
                "min": 79.4,
                "count": 8
            }
        }
    },
    "geth": {
        "1000M": {
            "first": {
                "max": 41349.12,
                "p50": 39889.92,
                "p95": 41316.864,
                "p99": 41342.6688,
                "min": 37345.28,
                "count": 8
            },
            "second": {
                "max": 49.4,
                "p50": 44.745000000000005,
                "p95": 48.598499999999994,
                "p99": 49.2397,
                "min": 43.2,
                "count": 8
            }
        }
    },
    "reth": {
        "1000M": {
            "second": {
                "max": 4880.384,
                "p50": 4880.384,
                "p95": 4880.384,
                "p99": 4880.384,
                "min": 4880.384,
                "count": 8
            },
            "first": {
                "max": 16343.04,
                "p50": 15493.119999999999,
                "p95": 16296.448,
                "p99": 16333.7216,
                "min": 15134.72,
                "count": 8
            }
        }
    }
}