{
    "besu": {
        "1000M": {
            "second": {
                "max": 18769.92,
                "p50": 18621.440000000002,
                "p95": 18752.0,
                "p99": 18766.336,
                "min": 18483.2,
                "count": 8
            },
            "first": {
                "max": 46469.12,
                "p50": 46397.44,
                "p95": 46454.784,
                "p99": 46466.2528,
                "min": 46090.24,
                "count": 8
            }
        }
    },
    "nethermind": {
        "1000M": {
            "second": {
                "max": 5768.192,
                "p50": 5736.448,
                "p95": 5767.4752,
                "p99": 5768.04864,
                "min": 5733.376,
                "count": 8
            },
            "first": {
                "max": 21463.04,
                "p50": 17479.68,
                "p95": 21427.2,
                "p99": 21455.872,
                "min": 16599.04,
                "count": 8
            }
        }
    },
    "erigon": {
        "1000M": {
            "first": {
                "max": 31406.08,
                "p50": 28912.64,
                "p95": 30843.392,
                "p99": 31293.542400000002,
                "min": 28170.24,
                "count": 8
            },
            "second": {
                "max": 7414.784,
                "p50": 7305.728,
                "p95": 7414.0671999999995,
                "p99": 7414.64064,
                "min": 7293.952,
                "count": 8
            }
        }
    },
    "geth": {
        "1000M": {
            "first": {
                "max": 36802.56,
                "p50": 36526.08,
                "p95": 36784.64,
                "p99": 36798.975999999995,
                "min": 36229.12,
                "count": 8
            },
            "second": {
                "max": 4758.528,
                "p50": 3927.04,
                "p95": 4632.3712,
                "p99": 4733.2966400000005,
                "min": 3054.592,
                "count": 8
            }
        }
    },
    "reth": {
        "1000M": {
            "second": {
                "max": 4884.48,
                "p50": 4884.48,
                "p95": 4884.48,
                "p99": 4884.48,
                "min": 4884.48,
                "count": 8
            },
            "first": {
                "max": 17111.04,
                "p50": 15703.04,
                "p95": 16620.032,
                "p99": 17012.8384,
                "min": 15697.92,
                "count": 8
            }
        }
    }
}