{
    "besu": {
        "1000M": {
            "second": {
                "max": 45352.96,
                "p50": 45199.36,
                "p95": 45302.784,
                "p99": 45342.9248,
                "min": 45066.24,
                "count": 8
            },
            "first": {
                "max": 45219.84,
                "p50": 45168.64,
                "p95": 45205.50399999999,
                "p99": 45216.972799999996,
                "min": 44984.32,
                "count": 8
            }
        }
    },
    "nethermind": {
        "1000M": {
            "second": {
                "max": 30105.6,
                "p50": 26598.4,
                "p95": 30062.592,
                "p99": 30096.9984,
                "min": 22425.6,
                "count": 8
            },
            "first": {
                "max": 28057.6,
                "p50": 26885.120000000003,
                "p95": 27953.663999999997,
                "p99": 28036.8128,
                "min": 24668.16,
                "count": 8
            }
        }
    },
    "erigon": {
        "1000M": {
            "first": {
                "max": 28385.28,
                "p50": 26316.8,
                "p95": 28091.392,
                "p99": 28326.502399999998,
                "min": 24197.12,
                "count": 8
            },
            "second": {
                "max": 72.4,
                "p50": 71.10499999999999,
                "p95": 72.372,
                "p99": 72.3944,
                "min": 69.72,
                "count": 8
            }
        }
    },
    "geth": {
        "1000M": {
            "first": {
                "max": 41441.28,
                "p50": 38702.08,
                "p95": 41373.184,
                "p99": 41427.6608,
                "min": 38318.08,
                "count": 8
            },
            "second": {
                "max": 48.92,
                "p50": 43.455,
                "p95": 47.66,
                "p99": 48.668,
                "min": 38.09,
                "count": 8
            }
        }
    },
    "reth": {
        "1000M": {
            "second": {
                "max": 3704.832,
                "p50": 3669.504,
                "p95": 3703.3984,
                "p99": 3704.54528,
                "min": 3648.512,
                "count": 8
            },
            "first": {
                "max": 16865.28,
                "p50": 15339.52,
                "p95": 16865.28,
                "p99": 16865.28,
                "min": 15329.28,
                "count": 8
            }
        }
    }
}