{
    "besu": {
        "1000M": {
            "second": {
                "max": 18780.16,
                "p50": 18457.6,
                "p95": 18762.239999999998,
                "p99": 18776.576,
                "min": 18360.32,
                "count": 8
            },
            "first": {
                "max": 46479.36,
                "p50": 46402.56,
                "p95": 46472.192,
                "p99": 46477.926400000004,
                "min": 46264.32,
                "count": 8
            }
        }
    },
    "nethermind": {
        "1000M": {
            "second": {
                "max": 5771.264,
                "p50": 5738.496,
                "p95": 5770.9056,
                "p99": 5771.19232,
                "min": 5736.448,
                "count": 8
            },
            "first": {
                "max": 21483.52,
                "p50": 21355.52,
                "p95": 21465.6,
                "p99": 21479.936,
                "min": 17244.16,
                "count": 8
            }
        }
    },
    "erigon": {
        "1000M": {
            "first": {
                "max": 31395.84,
                "p50": 29086.72,
                "p95": 31388.672,
                "p99": 31394.4064,
                "min": 26357.76,
                "count": 8
            },
            "second": {
                "max": 7411.712,
                "p50": 7301.12,
                "p95": 7374.7968,
                "p99": 7404.328960000001,
                "min": 7296.0,
                "count": 8
            }
        }
    },
    "geth": {
        "1000M": {
            "first": {
                "max": 36505.6,
                "p50": 36413.44,
                "p95": 36487.68,
                "p99": 36502.015999999996,
                "min": 36239.36,
                "count": 8
            },
            "second": {
                "max": 4552.704,
                "p50": 4401.664,
                "p95": 4501.0944,
                "p99": 4542.382079999999,
                "min": 4183.04,
                "count": 8
            }
        }
    },
    "reth": {
        "1000M": {
            "second": {
                "max": 4879.36,
                "p50": 4879.36,
                "p95": 4879.36,
                "p99": 4879.36,
                "min": 4879.36,
                "count": 8
            },
            "first": {
                "max": 15820.8,
                "p50": 15697.92,
                "p95": 15820.8,
                "p99": 15820.8,
                "min": 15575.04,
                "count": 8
            }
        }
    }
}