{
    "besu": {
        "1000M": {
            "second": {
                "max": 45189.12,
                "p50": 45148.16,
                "p95": 45189.12,
                "p99": 45189.12,
                "min": 45004.8,
                "count": 8
            },
            "first": {
                "max": 45240.32,
                "p50": 45173.759999999995,
                "p95": 45218.816,
                "p99": 45236.0192,
                "min": 45076.48,
                "count": 8
            }
        }
    },
    "nethermind": {
        "1000M": {
            "second": {
                "max": 31662.08,
                "p50": 27479.04,
                "p95": 30995.456,
                "p99": 31528.7552,
                "min": 22364.16,
                "count": 8
            },
            "first": {
                "max": 31559.68,
                "p50": 25656.32,
                "p95": 30462.976,
                "p99": 31340.3392,
                "min": 22128.64,
                "count": 8
            }
        }
    },
    "erigon": {
        "1000M": {
            "first": {
                "max": 32092.16,
                "p50": 29573.120000000003,
                "p95": 31823.36,
                "p99": 32038.4,
                "min": 28313.6,
                "count": 8
            },
            "second": {
                "max": 85.94,
                "p50": 81.06,
                "p95": 85.0685,
                "p99": 85.7657,
                "min": 78.37,
                "count": 8
            }
        }
    },
    "geth": {
        "1000M": {
            "first": {
                "max": 41922.56,
                "p50": 39664.64,
                "p95": 41879.551999999996,
                "p99": 41913.958399999996,
                "min": 38297.6,
                "count": 8
            },
            "second": {
                "max": 50.94,
                "p50": 48.075,
                "p95": 50.6355,
                "p99": 50.8791,
                "min": 43.1,
                "count": 8
            }
        }
    },
    "reth": {
        "1000M": {
            "second": {
                "max": 3683.328,
                "p50": 3672.064,
                "p95": 3681.8944,
                "p99": 3683.04128,
                "min": 3644.416,
                "count": 8
            },
            "first": {
                "max": 16865.28,
                "p50": 15344.64,
                "p95": 16478.208,
                "p99": 16787.865599999997,
                "min": 15329.28,
                "count": 8
            }
        }
    }
}