{
    "besu": {
        "1000M": {
            "second": {
                "max": 18810.88,
                "p50": 18513.92,
                "p95": 18792.96,
                "p99": 18807.296000000002,
                "min": 18442.24,
                "count": 8
            },
            "first": {
                "max": 46499.84,
                "p50": 46387.2,
                "p95": 46481.92,
                "p99": 46496.255999999994,
                "min": 46243.84,
                "count": 8
            }
        }
    },
    "nethermind": {
        "1000M": {
            "second": {
                "max": 5768.192,
                "p50": 5736.448,
                "p95": 5757.44,
                "p99": 5766.0416,
                "min": 5735.424,
                "count": 8
            },
            "first": {
                "max": 19384.32,
                "p50": 17484.8,
                "p95": 18789.376,
                "p99": 19265.3312,
                "min": 16332.8,
                "count": 8
            }
        }
    },
    "erigon": {
        "1000M": {
            "first": {
                "max": 29736.96,
                "p50": 28549.12,
                "p95": 29679.615999999998,
                "p99": 29725.4912,
                "min": 28098.56,
                "count": 8
            },
            "second": {
                "max": 7306.24,
                "p50": 7300.608,
                "p95": 7306.24,
                "p99": 7306.24,
                "min": 7298.048,
                "count": 8
            }
        }
    },
    "geth": {
        "1000M": {
            "first": {
                "max": 36659.2,
                "p50": 36428.8,
                "p95": 36641.28,
                "p99": 36655.615999999995,
                "min": 36249.6,
                "count": 8
            },
            "second": {
                "max": 4555.776,
                "p50": 4407.296,
                "p95": 4504.8832,
                "p99": 4545.59744,
                "min": 3573.76,
                "count": 8
            }
        }
    },
    "reth": {
        "1000M": {
            "second": {
                "max": 4880.384,
                "p50": 4880.384,
                "p95": 4880.384,
                "p99": 4880.384,
                "min": 4880.384,
                "count": 8
            },
            "first": {
                "max": 16640.0,
                "p50": 15759.36,
                "p95": 16453.632,
                "p99": 16602.7264,
                "min": 15697.92,
                "count": 8
            }
        }
    }
}