{
    "besu": {
        "1000M": {
            "second": {
                "max": 45271.04,
                "p50": 45184.0,
                "p95": 45260.288,
                "p99": 45268.8896,
                "min": 45127.68,
                "count": 8
            },
            "first": {
                "max": 45250.56,
                "p50": 45158.4,
                "p95": 45243.392,
                "p99": 45249.1264,
                "min": 45045.76,
                "count": 8
            }
        }
    },
    "nethermind": {
        "1000M": {
            "second": {
                "max": 30689.28,
                "p50": 26496.0,
                "p95": 30262.784,
                "p99": 30603.980799999998,
                "min": 22528.0,
                "count": 8
            },
            "first": {
                "max": 26490.88,
                "p50": 26065.92,
                "p95": 26404.864,
                "p99": 26473.6768,
                "min": 22620.16,
                "count": 8
            }
        }
    },
    "erigon": {
        "1000M": {
            "first": {
                "max": 32153.6,
                "p50": 31150.08,
                "p95": 32153.6,
                "p99": 32153.6,
                "min": 28354.56,
                "count": 8
            },
            "second": {
                "max": 86.5,
                "p50": 84.24000000000001,
                "p95": 86.234,
                "p99": 86.4468,
                "min": 79.86,
                "count": 8
            }
        }
    },
    "geth": {
        "1000M": {
            "first": {
                "max": 41349.12,
                "p50": 38717.44,
                "p95": 41277.44,
                "p99": 41334.784,
                "min": 38154.24,
                "count": 8
            },
            "second": {
                "max": 48.12,
                "p50": 45.11,
                "p95": 47.476,
                "p99": 47.9912,
                "min": 41.36,
                "count": 8
            }
        }
    },
    "reth": {
        "1000M": {
            "second": {
                "max": 4885.504,
                "p50": 4885.504,
                "p95": 4885.504,
                "p99": 4885.504,
                "min": 4885.504,
                "count": 8
            },
            "first": {
                "max": 16865.28,
                "p50": 16215.04,
                "p95": 16840.192,
                "p99": 16860.2624,
                "min": 15052.8,
                "count": 8
            }
        }
    }
}