{
    "besu": {
        "1000M": {
            "second": {
                "max": 18739.2,
                "p50": 18442.24,
                "p95": 18703.36,
                "p99": 18732.032,
                "min": 18350.08,
                "count": 8
            },
            "first": {
                "max": 46428.16,
                "p50": 46376.96,
                "p95": 46413.824,
                "p99": 46425.2928,
                "min": 46366.72,
                "count": 8
            }
        }
    },
    "nethermind": {
        "1000M": {
            "second": {
                "max": 5586.944,
                "p50": 5578.24,
                "p95": 5586.944,
                "p99": 5586.944,
                "min": 5553.152,
                "count": 8
            },
            "first": {
                "max": 21237.76,
                "p50": 19717.120000000003,
                "p95": 21230.591999999997,
                "p99": 21236.326399999998,
                "min": 15452.16,
                "count": 8
            }
        }
    },
    "erigon": {
        "1000M": {
            "first": {
                "max": 23470.08,
                "p50": 21324.8,
                "p95": 22817.792,
                "p99": 23339.6224,
                "min": 20654.08,
                "count": 8
            },
            "second": {
                "max": 5834.752,
                "p50": 5769.216,
                "p95": 5831.884800000001,
                "p99": 5834.17856,
                "min": 5417.984,
                "count": 8
            }
        }
    },
    "geth": {
        "1000M": {
            "first": {
                "max": 37652.48,
                "p50": 37089.28,
                "p95": 37580.8,
                "p99": 37638.144,
                "min": 36956.16,
                "count": 8
            },
            "second": {
                "max": 4404.224,
                "p50": 4393.984,
                "p95": 4404.224,
                "p99": 4404.224,
                "min": 3505.152,
                "count": 8
            }
        }
    },
    "reth": {
        "1000M": {
            "second": {
                "max": 4879.36,
                "p50": 4879.36,
                "p95": 4879.36,
                "p99": 4879.36,
                "min": 4878.336,
                "count": 8
            },
            "first": {
                "max": 17571.84,
                "p50": 15820.8,
                "p95": 16958.976,
                "p99": 17449.2672,
                "min": 15687.68,
                "count": 8
            }
        }
    }
}