{
    "nethermind": {
        "1000M": {
            "second": {
                "max": 5737.472,
                "p50": 5735.424,
                "p95": 5736.7552,
                "p99": 5737.32864,
                "min": 5732.352,
                "count": 8
            },
            "first": {
                "max": 21432.32,
                "p50": 17633.28,
                "p95": 21428.736,
                "p99": 21431.6032,
                "min": 17418.24,
                "count": 8
            }
        }
    },
    "erigon": {
        "1000M": {
            "first": {
                "max": 31395.84,
                "p50": 29368.32,
                "p95": 31291.904,
                "p99": 31375.0528,
                "min": 26388.48,
                "count": 8
            },
            "second": {
                "max": 7411.712,
                "p50": 7297.024,
                "p95": 7371.9296,
                "p99": 7403.755520000001,
                "min": 7284.736,
                "count": 8
            }
        }
    },
    "besu": {
        "1000M": {
            "first": {
                "max": -1.0,
                "p50": -1.0,
                "p95": -1.0,
                "p99": -1.0,
                "min": -1.0,
                "count": 8
            }
        }
    },
    "geth": {
        "1000M": {
            "first": {
                "max": 36751.36,
                "p50": 36331.520000000004,
                "p95": 36636.672,
                "p99": 36728.4224,
                "min": 35430.4,
                "count": 8
            },
            "second": {
                "max": 4409.344,
                "p50": 4406.784,
                "p95": 4409.344,
                "p99": 4409.344,
                "min": 3594.24,
                "count": 8
            }
        }
    },
    "reth": {
        "1000M": {
            "second": {
                "max": 4879.36,
                "p50": 4879.36,
                "p95": 4879.36,
                "p99": 4879.36,
                "min": 4879.36,
                "count": 8
            },
            "first": {
                "max": 17438.72,
                "p50": 16261.119999999999,
                "p95": 17438.72,
                "p99": 17438.72,
                "min": 15697.92,
                "count": 8
            }
        }
    }
}