{
    "besu": {
        "1000M": {
            "second": {
                "max": 45219.84,
                "p50": 45158.4,
                "p95": 45205.50399999999,
                "p99": 45216.972799999996,
                "min": 45066.24,
                "count": 8
            },
            "first": {
                "max": 45209.6,
                "p50": 45143.04,
                "p95": 45206.015999999996,
                "p99": 45208.8832,
                "min": 45086.72,
                "count": 8
            }
        }
    },
    "nethermind": {
        "1000M": {
            "second": {
                "max": 31324.16,
                "p50": 26352.64,
                "p95": 30127.104,
                "p99": 31084.748799999998,
                "min": 20807.68,
                "count": 8
            },
            "first": {
                "max": 31528.96,
                "p50": 27223.04,
                "p95": 31245.824,
                "p99": 31472.3328,
                "min": 24279.04,
                "count": 8
            }
        }
    },
    "erigon": {
        "1000M": {
            "first": {
                "max": 26183.68,
                "p50": 24371.2,
                "p95": 26115.584,
                "p99": 26170.0608,
                "min": 23255.04,
                "count": 8
            },
            "second": {
                "max": 72.22,
                "p50": 70.78999999999999,
                "p95": 72.1535,
                "p99": 72.2067,
                "min": 69.24,
                "count": 8
            }
        }
    },
    "geth": {
        "1000M": {
            "first": {
                "max": -1.0,
                "p50": -1.0,
                "p95": -1.0,
                "p99": -1.0,
                "min": -1.0,
                "count": 8
            }
        }
    },
    "reth": {
        "1000M": {
            "second": {
                "max": 3765.248,
                "p50": 3720.7039999999997,
                "p95": 3758.08,
                "p99": 3763.8144,
                "min": 3704.832,
                "count": 8
            },
            "first": {
                "max": 15349.76,
                "p50": 15349.76,
                "p95": 15349.76,
                "p99": 15349.76,
                "min": 15349.76,
                "count": 8
            }
        }
    }
}