{
    "besu": {
        "1000M": {
            "second": {
                "max": 46622.72,
                "p50": 46428.16,
                "p95": 46586.88,
                "p99": 46615.552,
                "min": 46243.84,
                "count": 8
            },
            "first": {
                "max": 46448.64,
                "p50": 46387.2,
                "p95": 46445.056,
                "p99": 46447.9232,
                "min": 46182.4,
                "count": 8
            }
        }
    },
    "nethermind": {
        "1000M": {
            "second": {
                "max": 30361.6,
                "p50": 25497.6,
                "p95": 29358.079999999998,
                "p99": 30160.895999999997,
                "min": 24524.8,
                "count": 8
            },
            "first": {
                "max": 28467.2,
                "p50": 24791.04,
                "p95": 28291.584,
                "p99": 28432.0768,
                "min": 22097.92,
                "count": 8
            }
        }
    },
    "erigon": {
        "1000M": {
            "first": {
                "max": 31313.92,
                "p50": 30755.84,
                "p95": 31306.751999999997,
                "p99": 31312.486399999998,
                "min": 26388.48,
                "count": 8
            },
            "second": {
                "max": 325.7,
                "p50": 171.05,
                "p95": 288.8449999999999,
                "p99": 318.32899999999995,
                "min": 127.4,
                "count": 8
            }
        }
    },
    "geth": {
        "1000M": {
            "first": {
                "max": 39608.32,
                "p50": 39285.76,
                "p95": 39561.727999999996,
                "p99": 39599.001599999996,
                "min": 37488.64,
                "count": 8
            },
            "second": {
                "max": 45.55,
                "p50": 43.67,
                "p95": 45.095,
                "p99": 45.458999999999996,
                "min": 40.91,
                "count": 8
            }
        }
    },
    "reth": {
        "1000M": {
            "second": {
                "max": 4884.48,
                "p50": 4884.48,
                "p95": 4884.48,
                "p99": 4884.48,
                "min": 4884.48,
                "count": 8
            },
            "first": {
                "max": 16732.16,
                "p50": 15523.84,
                "p95": 16545.792,
                "p99": 16694.8864,
                "min": 15267.84,
                "count": 8
            }
        }
    }
}