{
    "besu": {
        "1000M": {
            "second": {
                "max": 18780.16,
                "p50": 18580.48,
                "p95": 18765.824,
                "p99": 18777.2928,
                "min": 18452.48,
                "count": 8
            },
            "first": {
                "max": 46448.64,
                "p50": 46382.08,
                "p95": 46434.304,
                "p99": 46445.7728,
                "min": 46274.56,
                "count": 8
            }
        }
    },
    "nethermind": {
        "1000M": {
            "second": {
                "max": 5585.92,
                "p50": 5553.664000000001,
                "p95": 5583.7696,
                "p99": 5585.48992,
                "min": 5553.152,
                "count": 8
            },
            "first": {
                "max": 21299.2,
                "p50": 20490.239999999998,
                "p95": 21256.192,
                "p99": 21290.5984,
                "min": 17500.16,
                "count": 8
            }
        }
    },
    "erigon": {
        "1000M": {
            "first": {
                "max": 23736.32,
                "p50": 20720.64,
                "p95": 23015.935999999998,
                "p99": 23592.2432,
                "min": 20418.56,
                "count": 8
            },
            "second": {
                "max": 5827.584,
                "p50": 5791.232,
                "p95": 5817.9072,
                "p99": 5825.648639999999,
                "min": 5428.224,
                "count": 8
            }
        }
    },
    "geth": {
        "1000M": {
            "first": {
                "max": 37519.36,
                "p50": 37027.84,
                "p95": 37469.184,
                "p99": 37509.3248,
                "min": 35645.44,
                "count": 8
            },
            "second": {
                "max": 4407.296,
                "p50": 3991.04,
                "p95": 4407.296,
                "p99": 4407.296,
                "min": 3053.568,
                "count": 8
            }
        }
    },
    "reth": {
        "1000M": {
            "second": {
                "max": 4879.36,
                "p50": 4879.36,
                "p95": 4879.36,
                "p99": 4879.36,
                "min": 4879.36,
                "count": 8
            },
            "first": {
                "max": 16537.6,
                "p50": 15820.8,
                "p95": 16465.92,
                "p99": 16523.264,
                "min": 15820.8,
                "count": 8
            }
        }
    }
}