{
    "besu": {
        "1000M": {
            "second": {
                "max": 18790.4,
                "p50": 18426.879999999997,
                "p95": 18786.816000000003,
                "p99": 18789.683200000003,
                "min": 18073.6,
                "count": 8
            },
            "first": {
                "max": 46438.4,
                "p50": 46371.84,
                "p95": 46431.232,
                "p99": 46436.966400000005,
                "min": 46223.36,
                "count": 8
            }
        }
    },
    "nethermind": {
        "1000M": {
            "second": {
                "max": 5943.296,
                "p50": 5772.2880000000005,
                "p95": 5941.504,
                "p99": 5942.9376,
                "min": 5755.904,
                "count": 8
            },
            "first": {
                "max": 20367.36,
                "p50": 20341.760000000002,
                "p95": 20363.776,
                "p99": 20366.643200000002,
                "min": 16455.68,
                "count": 8
            }
        }
    },
    "erigon": {
        "1000M": {
            "first": {
                "max": 31365.12,
                "p50": 30039.04,
                "p95": 31221.76,
                "p99": 31336.448,
                "min": 28026.88,
                "count": 8
            },
            "second": {
                "max": 7412.736,
                "p50": 7299.584,
                "p95": 7375.104,
                "p99": 7405.2096,
                "min": 7296.0,
                "count": 8
            }
        }
    },
    "geth": {
        "1000M": {
            "first": {
                "max": 37775.36,
                "p50": 37263.36,
                "p95": 37639.168,
                "p99": 37748.1216,
                "min": 36761.6,
                "count": 8
            },
            "second": {
                "max": 4404.224,
                "p50": 4046.3360000000002,
                "p95": 4403.5072,
                "p99": 4404.08064,
                "min": 3051.52,
                "count": 8
            }
        }
    },
    "reth": {
        "1000M": {
            "second": {
                "max": 4883.456,
                "p50": 4883.456,
                "p95": 4883.456,
                "p99": 4883.456,
                "min": 4883.456,
                "count": 8
            },
            "first": {
                "max": 17039.36,
                "p50": 15697.92,
                "p95": 16573.44,
                "p99": 16946.176,
                "min": 15472.64,
                "count": 8
            }
        }
    }
}