{
    "besu": {
        "1000M": {
            "second": {
                "max": 45250.56,
                "p50": 45158.399999999994,
                "p95": 45246.975999999995,
                "p99": 45249.843199999996,
                "min": 45117.44,
                "count": 8
            },
            "first": {
                "max": 45230.08,
                "p50": 45153.28,
                "p95": 45226.496,
                "p99": 45229.3632,
                "min": 44963.84,
                "count": 8
            }
        }
    },
    "nethermind": {
        "1000M": {
            "second": {
                "max": 31754.24,
                "p50": 26967.04,
                "p95": 31345.664,
                "p99": 31672.524800000003,
                "min": 22333.44,
                "count": 8
            },
            "first": {
                "max": 31518.72,
                "p50": 27202.56,
                "p95": 31378.944,
                "p99": 31490.7648,
                "min": 26030.08,
                "count": 8
            }
        }
    },
    "erigon": {
        "1000M": {
            "first": {
                "max": 31344.64,
                "p50": 29649.92,
                "p95": 31283.712,
                "p99": 31332.4544,
                "min": 28323.84,
                "count": 8
            },
            "second": {
                "max": 83.88,
                "p50": 82.11500000000001,
                "p95": 83.824,
                "p99": 83.8688,
                "min": 80.18,
                "count": 8
            }
        }
    },
    "geth": {
        "1000M": {
            "first": {
                "max": 41697.28,
                "p50": 38430.72,
                "p95": 41636.352,
                "p99": 41685.0944,
                "min": 38082.56,
                "count": 8
            },
            "second": {
                "max": 49.79,
                "p50": 44.96,
                "p95": 49.355999999999995,
                "p99": 49.703199999999995,
                "min": 40.91,
                "count": 8
            }
        }
    },
    "reth": {
        "1000M": {
            "second": {
                "max": 4884.48,
                "p50": 4884.48,
                "p95": 4884.48,
                "p99": 4884.48,
                "min": 4884.48,
                "count": 8
            },
            "first": {
                "max": 16005.12,
                "p50": 15549.44,
                "p95": 15976.448,
                "p99": 15999.385600000001,
                "min": 15206.4,
                "count": 8
            }
        }
    }
}