{
    "besu": {
        "1000M": {
            "second": {
                "max": 45342.72,
                "p50": 45219.84,
                "p95": 45328.384,
                "p99": 45339.8528,
                "min": 45189.12,
                "count": 8
            },
            "first": {
                "max": 45281.28,
                "p50": 45184.0,
                "p95": 45277.695999999996,
                "p99": 45280.5632,
                "min": 45137.92,
                "count": 8
            }
        }
    },
    "nethermind": {
        "1000M": {
            "second": {
                "max": 28467.2,
                "p50": 24335.36,
                "p95": 28313.088,
                "p99": 28436.3776,
                "min": 22169.6,
                "count": 8
            },
            "first": {
                "max": 28477.44,
                "p50": 26096.64,
                "p95": 28341.248,
                "p99": 28450.2016,
                "min": 21800.96,
                "count": 8
            }
        }
    },
    "erigon": {
        "1000M": {
            "first": {
                "max": 26869.76,
                "p50": 26188.8,
                "p95": 26866.176,
                "p99": 26869.0432,
                "min": 23756.8,
                "count": 8
            },
            "second": {
                "max": 73.43,
                "p50": 72.89,
                "p95": 73.3495,
                "p99": 73.41390000000001,
                "min": 71.38,
                "count": 8
            }
        }
    },
    "geth": {
        "1000M": {
            "first": {
                "max": 41564.16,
                "p50": 40893.44,
                "p95": 41402.880000000005,
                "p99": 41531.904,
                "min": 40069.12,
                "count": 8
            },
            "second": {
                "max": 49.08,
                "p50": 47.040000000000006,
                "p95": 48.8595,
                "p99": 49.0359,
                "min": 41.42,
                "count": 8
            }
        }
    },
    "reth": {
        "1000M": {
            "second": {
                "max": 3724.288,
                "p50": 3705.8559999999998,
                "p95": 3722.1376,
                "p99": 3723.85792,
                "min": 3683.328,
                "count": 8
            },
            "first": {
                "max": 16814.08,
                "p50": 15749.119999999999,
                "p95": 16778.24,
                "p99": 16806.912,
                "min": 15329.28,
                "count": 8
            }
        }
    }
}