{
    "besu": {
        "1000M": {
            "second": {
                "max": 18749.44,
                "p50": 18513.92,
                "p95": 18731.52,
                "p99": 18745.856,
                "min": 18339.84,
                "count": 8
            },
            "first": {
                "max": 46448.64,
                "p50": 46371.84,
                "p95": 46434.304,
                "p99": 46445.7728,
                "min": 46172.16,
                "count": 8
            }
        }
    },
    "nethermind": {
        "1000M": {
            "second": {
                "max": 5768.192,
                "p50": 5735.424,
                "p95": 5768.192,
                "p99": 5768.192,
                "min": 5732.352,
                "count": 8
            },
            "first": {
                "max": 21401.6,
                "p50": 19594.239999999998,
                "p95": 21387.264,
                "p99": 21398.732799999998,
                "min": 17408.0,
                "count": 8
            }
        }
    },
    "erigon": {
        "1000M": {
            "first": {
                "max": 31027.2,
                "p50": 29644.800000000003,
                "p95": 30561.28,
                "p99": 30934.016,
                "min": 27371.52,
                "count": 8
            },
            "second": {
                "max": 7415.808,
                "p50": 7303.68,
                "p95": 7414.3744,
                "p99": 7415.52128,
                "min": 7299.072,
                "count": 8
            }
        }
    },
    "geth": {
        "1000M": {
            "first": {
                "max": 36782.08,
                "p50": 36321.28,
                "p95": 36688.896,
                "p99": 36763.4432,
                "min": 36290.56,
                "count": 8
            },
            "second": {
                "max": 4408.32,
                "p50": 4261.888,
                "p95": 4407.6032,
                "p99": 4408.17664,
                "min": 3037.184,
                "count": 8
            }
        }
    },
    "reth": {
        "1000M": {
            "second": {
                "max": 4884.48,
                "p50": 4884.48,
                "p95": 4884.48,
                "p99": 4884.48,
                "min": 4884.48,
                "count": 8
            },
            "first": {
                "max": 17448.96,
                "p50": 15846.4,
                "p95": 17291.264,
                "p99": 17417.4208,
                "min": 15697.92,
                "count": 8
            }
        }
    }
}