{
    "besu": {
        "1000M": {
            "second": {
                "max": 18749.44,
                "p50": 18467.84,
                "p95": 18724.352,
                "p99": 18744.4224,
                "min": 18370.56,
                "count": 8
            },
            "first": {
                "max": 46448.64,
                "p50": 46346.240000000005,
                "p95": 46427.136,
                "p99": 46444.3392,
                "min": 46223.36,
                "count": 8
            }
        }
    },
    "nethermind": {
        "1000M": {
            "second": {
                "max": 5585.92,
                "p50": 5553.664000000001,
                "p95": 5585.92,
                "p99": 5585.92,
                "min": 5552.128,
                "count": 8
            },
            "first": {
                "max": 21176.32,
                "p50": 18606.08,
                "p95": 20907.52,
                "p99": 21122.559999999998,
                "min": 18227.2,
                "count": 8
            }
        }
    },
    "erigon": {
        "1000M": {
            "first": {
                "max": 49991.68,
                "p50": 49812.479999999996,
                "p95": 49980.928,
                "p99": 49989.5296,
                "min": 46735.36,
                "count": 8
            },
            "second": {
                "max": 5825.536,
                "p50": 5702.144,
                "p95": 5813.7088,
                "p99": 5823.17056,
                "min": 5408.768,
                "count": 8
            }
        }
    },
    "geth": {
        "1000M": {
            "first": {
                "max": 37765.12,
                "p50": 37073.92,
                "p95": 37700.608,
                "p99": 37752.2176,
                "min": 36505.6,
                "count": 8
            },
            "second": {
                "max": 4404.224,
                "p50": 4182.528,
                "p95": 4403.8656,
                "p99": 4404.15232,
                "min": 3570.688,
                "count": 8
            }
        }
    },
    "reth": {
        "1000M": {
            "second": {
                "max": 4880.384,
                "p50": 4880.384,
                "p95": 4880.384,
                "p99": 4880.384,
                "min": 4880.384,
                "count": 8
            },
            "first": {
                "max": 16885.76,
                "p50": 15697.92,
                "p95": 16513.023999999998,
                "p99": 16811.212799999998,
                "min": 15687.68,
                "count": 8
            }
        }
    }
}