{
    "nethermind": {
        "1000M": {
            "second": {
                "max": 27013.12,
                "p50": 25333.760000000002,
                "p95": 26905.6,
                "p99": 26991.615999999998,
                "min": 22415.36,
                "count": 8
            },
            "first": {
                "max": 28200.96,
                "p50": 27560.96,
                "p95": 28150.784,
                "p99": 28190.9248,
                "min": 22036.48,
                "count": 8
            }
        }
    },
    "erigon": {
        "1000M": {
            "first": {
                "max": 28446.72,
                "p50": 25932.8,
                "p95": 27805.183999999997,
                "p99": 28318.412800000002,
                "min": 23592.96,
                "count": 8
            },
            "second": {
                "max": 74.86,
                "p50": 72.51499999999999,
                "p95": 74.2825,
                "p99": 74.7445,
                "min": 70.7,
                "count": 8
            }
        }
    },
    "besu": {
        "1000M": {
            "first": {
                "max": -1.0,
                "p50": -1.0,
                "p95": -1.0,
                "p99": -1.0,
                "min": -1.0,
                "count": 8
            }
        }
    },
    "geth": {
        "1000M": {
            "first": {
                "max": 45312.0,
                "p50": 40350.72,
                "p95": 43921.407999999996,
                "p99": 45033.8816,
                "min": 39147.52,
                "count": 8
            },
            "second": {
                "max": 49.98,
                "p50": 48.29,
                "p95": 49.6685,
                "p99": 49.917699999999996,
                "min": 43.89,
                "count": 8
            }
        }
    },
    "reth": {
        "1000M": {
            "second": {
                "max": 3731.456,
                "p50": 3700.224,
                "p95": 3726.7968,
                "p99": 3730.52416,
                "min": 3686.4,
                "count": 8
            },
            "first": {
                "max": 16936.96,
                "p50": 16696.32,
                "p95": 16908.288,
                "p99": 16931.225599999998,
                "min": 16291.84,
                "count": 8
            }
        }
    }
}