{
    "besu": {
        "1000M": {
            "second": {
                "max": 18780.16,
                "p50": 18652.16,
                "p95": 18762.239999999998,
                "p99": 18776.576,
                "min": 18442.24,
                "count": 8
            },
            "first": {
                "max": 46458.88,
                "p50": 46382.08,
                "p95": 46455.295999999995,
                "p99": 46458.163199999995,
                "min": 46264.32,
                "count": 8
            }
        }
    },
    "nethermind": {
        "1000M": {
            "second": {
                "max": 5770.24,
                "p50": 5736.96,
                "p95": 5769.8816,
                "p99": 5770.16832,
                "min": 5735.424,
                "count": 8
            },
            "first": {
                "max": 21340.16,
                "p50": 17602.559999999998,
                "p95": 21329.408,
                "p99": 21338.0096,
                "min": 16640.0,
                "count": 8
            }
        }
    },
    "erigon": {
        "1000M": {
            "first": {
                "max": 31324.16,
                "p50": 28364.8,
                "p95": 31302.656,
                "p99": 31319.8592,
                "min": 26265.6,
                "count": 8
            },
            "second": {
                "max": 7413.76,
                "p50": 7307.264,
                "p95": 7413.76,
                "p99": 7413.76,
                "min": 7296.0,
                "count": 8
            }
        }
    },
    "geth": {
        "1000M": {
            "first": {
                "max": 36608.0,
                "p50": 36464.64,
                "p95": 36590.08,
                "p99": 36604.416,
                "min": 35215.36,
                "count": 8
            },
            "second": {
                "max": 4408.32,
                "p50": 4158.464,
                "p95": 4407.9616,
                "p99": 4408.24832,
                "min": 3057.664,
                "count": 8
            }
        }
    },
    "reth": {
        "1000M": {
            "second": {
                "max": 4879.36,
                "p50": 4879.36,
                "p95": 4879.36,
                "p99": 4879.36,
                "min": 4879.36,
                "count": 8
            },
            "first": {
                "max": 16578.56,
                "p50": 15697.92,
                "p95": 16313.344000000001,
                "p99": 16525.5168,
                "min": 15697.92,
                "count": 8
            }
        }
    }
}