{
    "besu": {
        "1000M": {
            "second": {
                "max": 17080.32,
                "p50": 16977.92,
                "p95": 17065.984,
                "p99": 17077.4528,
                "min": 16721.92,
                "count": 8
            },
            "first": {
                "max": 45946.88,
                "p50": 45532.16,
                "p95": 45903.871999999996,
                "p99": 45938.278399999996,
                "min": 45076.48,
                "count": 8
            }
        }
    },
    "nethermind": {
        "1000M": {
            "second": {
                "max": 5585.92,
                "p50": 5553.664000000001,
                "p95": 5585.5616,
                "p99": 5585.84832,
                "min": 5553.152,
                "count": 8
            },
            "first": {
                "max": 20101.12,
                "p50": 19046.4,
                "p95": 20061.696,
                "p99": 20093.2352,
                "min": 18401.28,
                "count": 8
            }
        }
    },
    "erigon": {
        "1000M": {
            "first": {
                "max": 50329.6,
                "p50": 49786.880000000005,
                "p95": 50193.408,
                "p99": 50302.3616,
                "min": 48250.88,
                "count": 8
            },
            "second": {
                "max": 5795.84,
                "p50": 5654.528,
                "p95": 5794.048,
                "p99": 5795.4816,
                "min": 5409.792,
                "count": 8
            }
        }
    },
    "geth": {
        "1000M": {
            "first": {
                "max": 37754.88,
                "p50": 37068.8,
                "p95": 37625.856,
                "p99": 37729.0752,
                "min": 36700.16,
                "count": 8
            },
            "second": {
                "max": 4408.32,
                "p50": 3898.3680000000004,
                "p95": 4407.2447999999995,
                "p99": 4408.10496,
                "min": 3055.616,
                "count": 8
            }
        }
    },
    "reth": {
        "1000M": {
            "second": {
                "max": 4881.408,
                "p50": 4881.408,
                "p95": 4881.408,
                "p99": 4881.408,
                "min": 4880.384,
                "count": 8
            },
            "first": {
                "max": 15820.8,
                "p50": 15697.92,
                "p95": 15777.792,
                "p99": 15812.1984,
                "min": 15585.28,
                "count": 8
            }
        }
    }
}