{
    "besu": {
        "1000M": {
            "second": {
                "max": 18667.52,
                "p50": 18513.92,
                "p95": 18660.352,
                "p99": 18666.0864,
                "min": 18421.76,
                "count": 8
            },
            "first": {
                "max": 46397.44,
                "p50": 46336.0,
                "p95": 46393.856,
                "p99": 46396.7232,
                "min": 46202.88,
                "count": 8
            }
        }
    },
    "nethermind": {
        "1000M": {
            "second": {
                "max": 5585.92,
                "p50": 5553.664000000001,
                "p95": 5585.5616,
                "p99": 5585.84832,
                "min": 5547.008,
                "count": 8
            },
            "first": {
                "max": 19886.08,
                "p50": 18488.32,
                "p95": 19481.088,
                "p99": 19805.0816,
                "min": 17592.32,
                "count": 8
            }
        }
    },
    "erigon": {
        "1000M": {
            "first": {
                "max": 22435.84,
                "p50": 21370.879999999997,
                "p95": 22245.888,
                "p99": 22397.8496,
                "min": 20869.12,
                "count": 8
            },
            "second": {
                "max": 5810.176,
                "p50": 5642.24,
                "p95": 5804.8,
                "p99": 5809.1008,
                "min": 5484.544,
                "count": 8
            }
        }
    },
    "geth": {
        "1000M": {
            "first": {
                "max": 37478.4,
                "p50": 37155.84,
                "p95": 37474.816,
                "p99": 37477.6832,
                "min": 37007.36,
                "count": 8
            },
            "second": {
                "max": 4409.344,
                "p50": 4399.103999999999,
                "p95": 4407.9104,
                "p99": 4409.05728,
                "min": 3057.664,
                "count": 8
            }
        }
    },
    "reth": {
        "1000M": {
            "second": {
                "max": 4879.36,
                "p50": 4879.36,
                "p95": 4879.36,
                "p99": 4879.36,
                "min": 4879.36,
                "count": 8
            },
            "first": {
                "max": 16762.88,
                "p50": 15820.8,
                "p95": 16684.032,
                "p99": 16747.1104,
                "min": 15820.8,
                "count": 8
            }
        }
    }
}