{
    "besu": {
        "1000M": {
            "second": {
                "max": 18790.4,
                "p50": 18462.72,
                "p95": 18786.816000000003,
                "p99": 18789.683200000003,
                "min": 18380.8,
                "count": 8
            },
            "first": {
                "max": 46458.88,
                "p50": 46361.6,
                "p95": 46455.295999999995,
                "p99": 46458.163199999995,
                "min": 46161.92,
                "count": 8
            }
        }
    },
    "nethermind": {
        "1000M": {
            "second": {
                "max": 5585.92,
                "p50": 5553.152,
                "p95": 5585.92,
                "p99": 5585.92,
                "min": 5552.128,
                "count": 8
            },
            "first": {
                "max": 17264.64,
                "p50": 15877.12,
                "p95": 17246.719999999998,
                "p99": 17261.056,
                "min": 15431.68,
                "count": 8
            }
        }
    },
    "erigon": {
        "1000M": {
            "first": {
                "max": 21319.68,
                "p50": 20541.440000000002,
                "p95": 21265.920000000002,
                "p99": 21308.928,
                "min": 20357.12,
                "count": 8
            },
            "second": {
                "max": 5828.608,
                "p50": 5774.336,
                "p95": 5827.5328,
                "p99": 5828.39296,
                "min": 5635.072,
                "count": 8
            }
        }
    },
    "geth": {
        "1000M": {
            "first": {
                "max": 37427.2,
                "p50": 36986.880000000005,
                "p95": 37280.256,
                "p99": 37397.8112,
                "min": 36679.68,
                "count": 8
            },
            "second": {
                "max": 4406.272,
                "p50": 4089.344,
                "p95": 4406.272,
                "p99": 4406.272,
                "min": 3052.544,
                "count": 8
            }
        }
    },
    "reth": {
        "1000M": {
            "second": {
                "max": 4879.36,
                "p50": 4879.36,
                "p95": 4879.36,
                "p99": 4879.36,
                "min": 4879.36,
                "count": 8
            },
            "first": {
                "max": 16189.44,
                "p50": 15820.8,
                "p95": 16060.416,
                "p99": 16163.6352,
                "min": 15697.92,
                "count": 8
            }
        }
    }
}