{
    "besu": {
        "1000M": {
            "second": {
                "max": 45281.28,
                "p50": 45260.8,
                "p95": 45277.695999999996,
                "p99": 45280.5632,
                "min": 45137.92,
                "count": 8
            },
            "first": {
                "max": 45301.76,
                "p50": 45250.56,
                "p95": 45294.592000000004,
                "p99": 45300.326400000005,
                "min": 45168.64,
                "count": 8
            }
        }
    },
    "nethermind": {
        "1000M": {
            "second": {
                "max": 28364.8,
                "p50": 27432.96,
                "p95": 28207.104,
                "p99": 28333.2608,
                "min": 22507.52,
                "count": 8
            },
            "first": {
                "max": 27914.24,
                "p50": 25497.6,
                "p95": 27752.96,
                "p99": 27881.984,
                "min": 21708.8,
                "count": 8
            }
        }
    },
    "erigon": {
        "1000M": {
            "first": {
                "max": 26900.48,
                "p50": 24611.84,
                "p95": 26889.728,
                "p99": 26898.3296,
                "min": 23848.96,
                "count": 8
            },
            "second": {
                "max": 73.34,
                "p50": 72.175,
                "p95": 73.1335,
                "p99": 73.2987,
                "min": 70.76,
                "count": 8
            }
        }
    },
    "geth": {
        "1000M": {
            "first": {
                "max": 40785.92,
                "p50": 40637.44,
                "p95": 40750.079999999994,
                "p99": 40778.752,
                "min": 39424.0,
                "count": 8
            },
            "second": {
                "max": 50.81,
                "p50": 46.515,
                "p95": 49.8965,
                "p99": 50.6273,
                "min": 42.47,
                "count": 8
            }
        }
    },
    "reth": {
        "1000M": {
            "second": {
                "max": 3699.712,
                "p50": 3689.9840000000004,
                "p95": 3698.9952,
                "p99": 3699.56864,
                "min": 3671.04,
                "count": 8
            },
            "first": {
                "max": 16855.04,
                "p50": 15339.52,
                "p95": 16855.04,
                "p99": 16855.04,
                "min": 15175.68,
                "count": 8
            }
        }
    }
}