{
    "besu": {
        "1000M": {
            "second": {
                "max": 18759.68,
                "p50": 18457.6,
                "p95": 18673.664,
                "p99": 18742.4768,
                "min": 18268.16,
                "count": 8
            },
            "first": {
                "max": 46479.36,
                "p50": 46433.28,
                "p95": 46479.36,
                "p99": 46479.36,
                "min": 46274.56,
                "count": 8
            }
        }
    },
    "nethermind": {
        "1000M": {
            "second": {
                "max": 5587.968,
                "p50": 5555.2,
                "p95": 5587.968,
                "p99": 5587.968,
                "min": 5555.2,
                "count": 8
            },
            "first": {
                "max": 20838.4,
                "p50": 19225.6,
                "p95": 20619.776,
                "p99": 20794.6752,
                "min": 17838.08,
                "count": 8
            }
        }
    },
    "erigon": {
        "1000M": {
            "first": {
                "max": 21483.52,
                "p50": 20787.199999999997,
                "p95": 21372.416,
                "p99": 21461.2992,
                "min": 20490.24,
                "count": 8
            },
            "second": {
                "max": 5811.2,
                "p50": 5761.023999999999,
                "p95": 5809.7663999999995,
                "p99": 5810.91328,
                "min": 5427.2,
                "count": 8
            }
        }
    },
    "geth": {
        "1000M": {
            "first": {
                "max": 37632.0,
                "p50": 37309.44,
                "p95": 37588.992,
                "p99": 37623.3984,
                "min": 35880.96,
                "count": 8
            },
            "second": {
                "max": 4741.12,
                "p50": 4400.128,
                "p95": 4624.639999999999,
                "p99": 4717.824,
                "min": 3057.664,
                "count": 8
            }
        }
    },
    "reth": {
        "1000M": {
            "second": {
                "max": 4880.384,
                "p50": 4879.36,
                "p95": 4880.0256,
                "p99": 4880.31232,
                "min": 4879.36,
                "count": 8
            },
            "first": {
                "max": 16742.4,
                "p50": 15820.8,
                "p95": 16613.376,
                "p99": 16716.5952,
                "min": 15616.0,
                "count": 8
            }
        }
    }
}