{
    "nethermind": {
        "1000M": {
            "second": {
                "max": 27351.04,
                "p50": 25384.96,
                "p95": 27340.288,
                "p99": 27348.889600000002,
                "min": 22794.24,
                "count": 8
            },
            "first": {
                "max": 28682.24,
                "p50": 27494.4,
                "p95": 28456.448,
                "p99": 28637.0816,
                "min": 24053.76,
                "count": 8
            }
        }
    },
    "erigon": {
        "1000M": {
            "first": {
                "max": 26859.52,
                "p50": 24002.559999999998,
                "p95": 26701.824,
                "p99": 26827.9808,
                "min": 23347.2,
                "count": 8
            },
            "second": {
                "max": 74.39,
                "p50": 72.465,
                "p95": 73.8965,
                "p99": 74.2913,
                "min": 71.23,
                "count": 8
            }
        }
    },
    "besu": {
        "1000M": {
            "first": {
                "max": -1.0,
                "p50": -1.0,
                "p95": -1.0,
                "p99": -1.0,
                "min": -1.0,
                "count": 8
            }
        }
    },
    "geth": {
        "1000M": {
            "first": {
                "max": 44175.36,
                "p50": 40427.520000000004,
                "p95": 43100.159999999996,
                "p99": 43960.32,
                "min": 39239.68,
                "count": 8
            },
            "second": {
                "max": 53.46,
                "p50": 47.18,
                "p95": 52.032,
                "p99": 53.1744,
                "min": 45.52,
                "count": 8
            }
        }
    },
    "reth": {
        "1000M": {
            "second": {
                "max": 3733.504,
                "p50": 3707.392,
                "p95": 3732.0704,
                "p99": 3733.21728,
                "min": 3681.28,
                "count": 8
            },
            "first": {
                "max": 16773.12,
                "p50": 16634.879999999997,
                "p95": 16769.536,
                "p99": 16772.4032,
                "min": 15308.8,
                "count": 8
            }
        }
    }
}