{
    "besu": {
        "1000M": {
            "second": {
                "max": 46448.64,
                "p50": 46407.68,
                "p95": 46445.056,
                "p99": 46447.9232,
                "min": 46305.28,
                "count": 8
            },
            "first": {
                "max": 46469.12,
                "p50": 46361.6,
                "p95": 46465.536,
                "p99": 46468.4032,
                "min": 46192.64,
                "count": 8
            }
        }
    },
    "nethermind": {
        "1000M": {
            "second": {
                "max": 30556.16,
                "p50": 28615.68,
                "p95": 30269.44,
                "p99": 30498.816,
                "min": 22118.4,
                "count": 8
            },
            "first": {
                "max": 28702.72,
                "p50": 26844.16,
                "p95": 28623.872,
                "p99": 28686.9504,
                "min": 21135.36,
                "count": 8
            }
        }
    },
    "erigon": {
        "1000M": {
            "first": {
                "max": 31344.64,
                "p50": 28948.48,
                "p95": 30753.28,
                "p99": 31226.368,
                "min": 27217.92,
                "count": 8
            },
            "second": {
                "max": 419.1,
                "p50": 139.05,
                "p95": 329.70999999999987,
                "p99": 401.2219999999999,
                "min": 123.2,
                "count": 8
            }
        }
    },
    "geth": {
        "1000M": {
            "first": {
                "max": 39464.96,
                "p50": 38958.08,
                "p95": 39432.704,
                "p99": 39458.508799999996,
                "min": 37652.48,
                "count": 8
            },
            "second": {
                "max": 57.01,
                "p50": 53.705,
                "p95": 56.7405,
                "p99": 56.9561,
                "min": 51.88,
                "count": 8
            }
        }
    },
    "reth": {
        "1000M": {
            "second": {
                "max": 4884.48,
                "p50": 4884.48,
                "p95": 4884.48,
                "p99": 4884.48,
                "min": 4884.48,
                "count": 8
            },
            "first": {
                "max": 16865.28,
                "p50": 16179.2,
                "p95": 16815.104,
                "p99": 16855.2448,
                "min": 15288.32,
                "count": 8
            }
        }
    }
}