{
    "besu": {
        "1000M": {
            "second": {
                "max": 18780.16,
                "p50": 18467.84,
                "p95": 18740.736,
                "p99": 18772.2752,
                "min": 18401.28,
                "count": 8
            },
            "first": {
                "max": 46397.44,
                "p50": 46366.72,
                "p95": 46393.856,
                "p99": 46396.7232,
                "min": 46202.88,
                "count": 8
            }
        }
    },
    "nethermind": {
        "1000M": {
            "second": {
                "max": 5583.872,
                "p50": 5552.128,
                "p95": 5583.872,
                "p99": 5583.872,
                "min": 5551.104,
                "count": 8
            },
            "first": {
                "max": 21248.0,
                "p50": 20536.32,
                "p95": 21237.248,
                "p99": 21245.8496,
                "min": 18462.72,
                "count": 8
            }
        }
    },
    "erigon": {
        "1000M": {
            "first": {
                "max": 21217.28,
                "p50": 20853.760000000002,
                "p95": 21192.192,
                "p99": 21212.2624,
                "min": 20551.68,
                "count": 8
            },
            "second": {
                "max": 5826.56,
                "p50": 5787.136,
                "p95": 5819.392,
                "p99": 5825.1264,
                "min": 5627.904,
                "count": 8
            }
        }
    },
    "geth": {
        "1000M": {
            "first": {
                "max": 37498.88,
                "p50": 37217.28,
                "p95": 37491.712,
                "p99": 37497.4464,
                "min": 35706.88,
                "count": 8
            },
            "second": {
                "max": 4408.32,
                "p50": 4405.248,
                "p95": 4407.9616,
                "p99": 4408.24832,
                "min": 3056.64,
                "count": 8
            }
        }
    },
    "reth": {
        "1000M": {
            "second": {
                "max": 4883.456,
                "p50": 4883.456,
                "p95": 4883.456,
                "p99": 4883.456,
                "min": 4883.456,
                "count": 8
            },
            "first": {
                "max": 16281.6,
                "p50": 15697.92,
                "p95": 16077.312,
                "p99": 16240.742400000001,
                "min": 15697.92,
                "count": 8
            }
        }
    }
}