{
    "besu": {
        "1000M": {
            "second": {
                "max": 17100.8,
                "p50": 16962.559999999998,
                "p95": 17090.048,
                "p99": 17098.6496,
                "min": 16793.6,
                "count": 8
            },
            "first": {
                "max": 45803.52,
                "p50": 45511.68,
                "p95": 45771.263999999996,
                "p99": 45797.068799999994,
                "min": 44738.56,
                "count": 8
            }
        }
    },
    "nethermind": {
        "1000M": {
            "second": {
                "max": 5587.968,
                "p50": 5556.736,
                "p95": 5587.968,
                "p99": 5587.968,
                "min": 5556.224,
                "count": 8
            },
            "first": {
                "max": 21227.52,
                "p50": 18114.56,
                "p95": 20990.976,
                "p99": 21180.2112,
                "min": 17612.8,
                "count": 8
            }
        }
    },
    "ethrex": {
        "1000M": {
            "first": {
                "max": 16803.84,
                "p50": 16040.96,
                "p95": 16717.824,
                "p99": 16786.6368,
                "min": 15390.72,
                "count": 8
            },
            "second": {
                "max": 14039.04,
                "p50": 13962.240000000002,
                "p95": 14035.456,
                "p99": 14038.3232,
                "min": 13926.4,
                "count": 8
            }
        }
    },
    "erigon": {
        "1000M": {
            "first": {
                "max": 50165.76,
                "p50": 49812.479999999996,
                "p95": 50090.496,
                "p99": 50150.707200000004,
                "min": 49674.24,
                "count": 8
            },
            "second": {
                "max": 5835.776,
                "p50": 5741.0560000000005,
                "p95": 5830.0416,
                "p99": 5834.62912,
                "min": 5403.648,
                "count": 8
            }
        }
    },
    "geth": {
        "1000M": {
            "first": {
                "max": 37550.08,
                "p50": 37294.08,
                "p95": 37550.08,
                "p99": 37550.08,
                "min": 36321.28,
                "count": 8
            },
            "second": {
                "max": 4410.368,
                "p50": 4006.3999999999996,
                "p95": 4410.0096,
                "p99": 4410.29632,
                "min": 3041.28,
                "count": 8
            }
        }
    },
    "reth": {
        "1000M": {
            "second": {
                "max": 4879.36,
                "p50": 4879.36,
                "p95": 4879.36,
                "p99": 4879.36,
                "min": 4879.36,
                "count": 8
            },
            "first": {
                "max": 16885.76,
                "p50": 15692.8,
                "p95": 16513.023999999998,
                "p99": 16811.212799999998,
                "min": 15687.68,
                "count": 8
            }
        }
    }
}