{
    "besu": {
        "1000M": {
            "second": {
                "max": 17520.64,
                "p50": 16988.16,
                "p95": 17441.792,
                "p99": 17504.8704,
                "min": 16752.64,
                "count": 8
            },
            "first": {
                "max": 45752.32,
                "p50": 45506.56,
                "p95": 45720.064,
                "p99": 45745.8688,
                "min": 45096.96,
                "count": 8
            }
        }
    },
    "nethermind": {
        "1000M": {
            "second": {
                "max": 5586.944,
                "p50": 5554.176,
                "p95": 5586.2272,
                "p99": 5586.80064,
                "min": 5553.152,
                "count": 8
            },
            "first": {
                "max": 21278.72,
                "p50": 19911.68,
                "p95": 21271.552,
                "p99": 21277.2864,
                "min": 18657.28,
                "count": 8
            }
        }
    },
    "ethrex": {
        "1000M": {
            "first": {
                "max": 17643.52,
                "p50": 15912.96,
                "p95": 17496.576,
                "p99": 17614.1312,
                "min": 15544.32,
                "count": 8
            },
            "second": {
                "max": 14080.0,
                "p50": 13977.6,
                "p95": 14058.496,
                "p99": 14075.6992,
                "min": 13916.16,
                "count": 8
            }
        }
    },
    "erigon": {
        "1000M": {
            "first": {
                "max": 50360.32,
                "p50": 49735.68,
                "p95": 50145.28,
                "p99": 50317.312,
                "min": 47933.44,
                "count": 8
            },
            "second": {
                "max": 5817.344,
                "p50": 5677.567999999999,
                "p95": 5813.4016,
                "p99": 5816.55552,
                "min": 5358.592,
                "count": 8
            }
        }
    },
    "geth": {
        "1000M": {
            "first": {
                "max": 37519.36,
                "p50": 37079.03999999999,
                "p95": 37458.432,
                "p99": 37507.1744,
                "min": 36474.88,
                "count": 8
            },
            "second": {
                "max": 4407.296,
                "p50": 4400.64,
                "p95": 4406.9376,
                "p99": 4407.22432,
                "min": 4184.064,
                "count": 8
            }
        }
    },
    "reth": {
        "1000M": {
            "second": {
                "max": 4880.384,
                "p50": 4880.384,
                "p95": 4880.384,
                "p99": 4880.384,
                "min": 4880.384,
                "count": 8
            },
            "first": {
                "max": 15697.92,
                "p50": 15697.92,
                "p95": 15697.92,
                "p99": 15697.92,
                "min": 15687.68,
                "count": 8
            }
        }
    }
}