{
    "besu": {
        "1000M": {
            "second": {
                "max": 17049.6,
                "p50": 16972.8,
                "p95": 17031.68,
                "p99": 17046.016,
                "min": 16773.12,
                "count": 8
            },
            "first": {
                "max": 45772.8,
                "p50": 45491.2,
                "p95": 45729.792,
                "p99": 45764.1984,
                "min": 42874.88,
                "count": 8
            }
        }
    },
    "nethermind": {
        "1000M": {
            "second": {
                "max": 5552.128,
                "p50": 5551.104,
                "p95": 5551.7696,
                "p99": 5552.05632,
                "min": 5549.056,
                "count": 8
            },
            "first": {
                "max": 21227.52,
                "p50": 19097.6,
                "p95": 20844.032,
                "p99": 21150.8224,
                "min": 18442.24,
                "count": 8
            }
        }
    },
    "ethrex": {
        "1000M": {
            "first": {
                "max": 17336.32,
                "p50": 15795.2,
                "p95": 17020.928,
                "p99": 17273.2416,
                "min": 15564.8,
                "count": 8
            },
            "second": {
                "max": 14049.28,
                "p50": 13992.96,
                "p95": 14034.944,
                "p99": 14046.4128,
                "min": 13957.12,
                "count": 8
            }
        }
    },
    "erigon": {
        "1000M": {
            "first": {
                "max": 49971.2,
                "p50": 48926.72,
                "p95": 49895.936,
                "p99": 49956.1472,
                "min": 47329.28,
                "count": 8
            },
            "second": {
                "max": 5808.128,
                "p50": 5723.136,
                "p95": 5807.4112,
                "p99": 5807.98464,
                "min": 5511.168,
                "count": 8
            }
        }
    },
    "geth": {
        "1000M": {
            "first": {
                "max": 37386.24,
                "p50": 37130.24,
                "p95": 37386.24,
                "p99": 37386.24,
                "min": 36689.92,
                "count": 8
            },
            "second": {
                "max": 4410.368,
                "p50": 4004.352,
                "p95": 4409.2928,
                "p99": 4410.15296,
                "min": 3038.208,
                "count": 8
            }
        }
    },
    "reth": {
        "1000M": {
            "second": {
                "max": 4880.384,
                "p50": 4880.384,
                "p95": 4880.384,
                "p99": 4880.384,
                "min": 4880.384,
                "count": 8
            },
            "first": {
                "max": 15697.92,
                "p50": 15697.92,
                "p95": 15697.92,
                "p99": 15697.92,
                "min": 15687.68,
                "count": 8
            }
        }
    }
}