{
    "besu": {
        "1000M": {
            "second": {
                "max": 17059.84,
                "p50": 16942.08,
                "p95": 17056.256,
                "p99": 17059.1232,
                "min": 16752.64,
                "count": 8
            },
            "first": {
                "max": 45813.76,
                "p50": 45521.92,
                "p95": 45763.584,
                "p99": 45803.7248,
                "min": 41113.6,
                "count": 8
            }
        }
    },
    "nethermind": {
        "1000M": {
            "second": {
                "max": 5588.992,
                "p50": 5556.224,
                "p95": 5588.6336,
                "p99": 5588.92032,
                "min": 5552.128,
                "count": 8
            },
            "first": {
                "max": 21268.48,
                "p50": 19189.760000000002,
                "p95": 21250.559999999998,
                "p99": 21264.896,
                "min": 17080.32,
                "count": 8
            }
        }
    },
    "ethrex": {
        "1000M": {
            "first": {
                "max": 17704.96,
                "p50": 15836.16,
                "p95": 17396.735999999997,
                "p99": 17643.315199999997,
                "min": 15421.44,
                "count": 8
            },
            "second": {
                "max": 14080.0,
                "p50": 14018.56,
                "p95": 14069.248,
                "p99": 14077.8496,
                "min": 13977.6,
                "count": 8
            }
        }
    },
    "erigon": {
        "1000M": {
            "first": {
                "max": 50042.88,
                "p50": 49111.04,
                "p95": 50017.791999999994,
                "p99": 50037.8624,
                "min": 47370.24,
                "count": 8
            },
            "second": {
                "max": 5805.056,
                "p50": 5573.632,
                "p95": 5789.2864,
                "p99": 5801.90208,
                "min": 5385.216,
                "count": 8
            }
        }
    },
    "geth": {
        "1000M": {
            "first": {
                "max": 38164.48,
                "p50": 37355.520000000004,
                "p95": 38096.384,
                "p99": 38150.8608,
                "min": 36546.56,
                "count": 8
            },
            "second": {
                "max": 4404.224,
                "p50": 3729.92,
                "p95": 4404.224,
                "p99": 4404.224,
                "min": 3036.16,
                "count": 8
            }
        }
    },
    "reth": {
        "1000M": {
            "second": {
                "max": 4884.48,
                "p50": 4884.48,
                "p95": 4884.48,
                "p99": 4884.48,
                "min": 4884.48,
                "count": 8
            },
            "first": {
                "max": 15697.92,
                "p50": 15697.92,
                "p95": 15697.92,
                "p99": 15697.92,
                "min": 15697.92,
                "count": 8
            }
        }
    }
}